name,barnaba,clarna,dssr,fred,maxit,metbp,mc,rnapolis,rnaview
1A9N_1_Q,5,5,5,5,5,5,5,5,5
1B23_1_R,19,20,20,20,17,18,17,20,20
1CSL_1_B-A,9,9,9,9,9,9,9,9,9
1D4R_1_B-A,18,18,18,18,18,18,18,18,18
1DFU_1_M-N,9,9,9,9,9,9,9,10,9
1DQF_1_B-A,9,9,9,9,9,9,9,9,9
1DQH_1_B-A,9,9,9,9,9,9,9,9,9
1DUQ_1_B-A,10,10,10,10,10,10,10,10,10
1E7K_1_C,5,5,5,5,4,5,5,5,5
1EC6_1_C,4,4,4,4,4,4,4,4,4
1EC6_1_D,4,4,4,4,4,4,4,4,4
1ET4_1_A,9,8,8,8,8,8,8,8,7
1F1T_1_A,10,10,10,10,10,10,10,10,10
1F27_1_A,5,5,5,5,5,5,5,5,5
1F7U_1_B,17,17,17,17,17,17,17,17,16
1FEU_1_C-B,10,10,10,10,10,10,10,11,10
1FUF_1_A-B,10,10,10,10,10,10,10,10,10
1G1X_1_D-E,26,27,27,25,27,27,25,27,24
1G1X_1_J-I,27,26,27,25,26,26,26,27,24
1GAX_1_D,21,22,22,19,21,21,17,21,19
1H3E_1_B,25,25,25,24,25,24,23,25,24
1H4S_1_T,20,20,20,20,20,20,20,20,19
1HMH_1_A,4,4,4,4,4,4,4,4,4
1HMH_1_E,4,4,4,4,4,4,4,4,4
1I6U_1_C,15,15,15,15,15,15,15,15,15
1I9X_1_A-B,12,12,12,12,12,12,12,12,12
1ICG_1_A-B,6,6,6,6,6,6,6,6,6
1IHA_1_A-B,6,6,6,6,6,6,6,6,6
1IL2_1_C,21,21,20,20,20,20,20,20,20
1J1U_1_B,22,21,22,22,22,22,22,22,21
1J9H_1_A-B,6,6,6,6,6,6,6,6,6
1JBR_1_C-F,8,8,8,8,8,8,8,8,8
1JID_1_B,8,8,8,8,8,8,8,8,8
1JZV_1_B-A,6,6,6,6,6,6,6,6,6
1KD4_1_A-B,6,6,6,6,6,6,6,6,6
1KD5_1_A-B,6,6,6,6,6,6,6,6,6
1KH6_1_A,14,14,14,12,11,14,11,13,13
1KUQ_1_B,19,19,19,19,19,19,18,19,18
1KXK_1_A,22,23,23,23,22,23,20,23,23
1L2X_1_A,8,8,8,8,8,8,8,8,8
1L9A_1_B,39,40,39,34,38,38,33,39,40
1LNT_1_A-B,6,6,6,6,6,6,6,6,6
1M5K_1_B,19,19,18,18,17,19,17,19,18
1MFQ_1_A,40,41,41,37,36,38,33,40,38
1MHK_1_L-S,6,6,6,6,6,6,6,6,6
1MJI_1_D,10,10,10,10,10,10,10,10,9
1MMS_1_C,16,14,14,14,14,14,14,14,14
1MZP_1_B,15,14,14,14,14,14,14,14,14
1N32_1_Y-Z,4,6,7,5,6,6,3,7,4
1N35_1_C-B,3,4,5,5,4,5,2,5,3
1N38_1_C-B,2,2,2,2,2,2,2,2,2
1N78_1_C,22,22,22,22,22,22,22,22,21
1NTA_1_A-B,14,13,13,13,13,13,11,13,11
1NUV_1_A-B,8,8,8,8,8,8,8,8,8
1NUV_1_E-F,8,8,8,8,8,8,8,8,8
1OOA_1_C,8,8,9,8,8,8,6,9,9
1Q96_1_A,6,6,6,6,6,6,6,6,6
1QBP_1_A-B,8,7,8,8,8,8,8,8,8
1QC0_1_B-A,9,9,9,9,9,9,9,9,9
1QC0_1_C-D,19,19,19,18,18,19,18,19,19
1QCU_1_A-B,11,11,11,11,11,0,11,11,11
1QCU_1_C-D,11,11,11,11,11,0,11,11,11
1QF6_1_B,21,21,21,21,21,21,21,21,20
1QTQ_1_B,20,19,20,19,19,19,18,19,19
1QU2_1_T,22,22,22,22,22,22,21,22,21
1R3E_1_C,5,5,5,5,5,5,5,5,5
1R3E_1_D-E,14,14,14,14,14,14,14,14,14
1RLG_1_D,5,5,5,5,5,5,5,5,5
1RNA_1_A-B,14,14,14,14,14,14,14,14,14
1RPU_1_C-D,18,18,18,18,18,18,18,0,18
1S03_1_A,18,18,18,18,17,18,16,18,18
1S03_1_B,18,18,18,18,18,18,18,18,18
1SA9_1_C-D,6,6,6,6,6,6,6,6,6
1SAQ_1_A-B,4,3,6,4,4,4,4,6,4
1SDR_1_A-B,12,12,12,12,12,12,12,12,12
1SER_1_T,20,16,20,15,19,15,19,20,19
1T0E_1_A-C,14,15,14,13,14,13,14,13,14
1TFW_1_G-J,9,9,9,9,9,9,9,9,9
1TFW_1_H-E,10,10,10,10,10,10,10,10,10
1U0B_1_A,21,20,20,20,20,20,20,20,20
1U1Y_1_R,5,5,5,5,5,5,5,5,5
1U9S_1_A,52,50,49,48,49,50,48,50,49
1WNE_1_B-C,4,4,4,4,4,4,4,4,4
1XJR_1_A,16,15,15,15,15,15,15,15,15
1XOK_1_A,6,6,6,6,6,6,6,6,6
1Y26_1_X,25,25,25,24,25,25,25,25,25
1Y27_1_X,22,22,22,22,22,22,22,22,22
1YFG_1_A,19,19,19,19,19,19,19,19,18
1YLS_1_B,6,6,6,6,6,6,6,6,6
1YTU_1_E-F,4,3,4,3,3,3,2,4,3
1YVP_1_C-D,5,6,5,4,5,4,5,5,5
1YYK_1_C-D,12,12,12,12,12,12,12,12,12
1YYW_1_I-J,12,12,12,12,12,12,12,12,12
1YZ9_1_C-D-E-F,18,18,18,18,18,18,18,18,18
1YZD_1_A-B,14,14,14,14,14,14,14,14,14
1Z7F_1_B-C,14,14,14,14,14,14,14,14,14
1ZBH_1_F,6,6,6,6,5,6,5,6,6
1ZCI_1_A-B,18,18,18,18,18,18,18,18,18
1ZDJ_1_R,2,2,2,2,2,2,2,2,2
1ZH5_1_C-D,4,4,4,4,4,4,4,4,4
1ZL3_1_B,7,7,7,7,7,7,7,7,7
1ZX7_1_C-E-D-F,22,22,23,22,21,21,21,23,21
1ZZ5_1_A-C-B-D,23,23,23,22,22,23,21,23,23
205D_1_A-B,10,10,10,10,10,10,10,10,10
246D_1_A-B,6,5,8,6,8,6,8,8,8
280D_1_A-B,10,10,10,10,10,10,10,10,10
2A0P_1_A-B,6,6,6,6,6,6,6,6,6
2A43_1_A,7,7,7,7,7,7,7,7,7
2AKE_1_B,17,20,21,18,15,18,11,21,16
2ANN_1_B,3,3,3,3,3,3,3,3,3
2AO5_1_C-D,8,8,8,8,8,8,8,8,8
2AZ0_1_C-D,12,12,12,12,12,12,12,12,12
2AZX_1_D,21,20,19,19,17,20,14,20,19
2B3J_1_E,4,4,4,4,4,4,4,4,4
2B3J_1_G,1,1,0,1,0,1,1,1,0
2BGG_1_P-Q,5,5,5,5,5,5,5,5,5
2BH2_1_D,5,5,5,5,5,5,3,5,5
2BTE_1_B,25,24,24,23,24,24,24,24,22
2C4Q_1_R,6,6,6,6,6,6,6,6,6
2CSX_1_C,21,20,20,20,19,20,18,21,21
2DLC_1_Y,16,17,16,16,16,16,14,16,15
2DRA_1_B,12,12,12,12,12,12,12,12,12
2DU3_1_D,21,20,20,18,20,20,17,20,18
2E9R_1_A-B,5,6,6,6,5,6,4,6,6
2E9T_1_B-C,6,6,6,6,6,6,5,6,6
2E9Z_1_B-C,7,5,5,3,4,5,3,5,5
2EC0_1_B-C,7,7,7,7,7,7,7,7,7
2ET8_1_A-B,16,16,16,16,16,16,16,16,16
2F8K_1_B,6,6,6,6,6,6,6,6,5
2F8S_1_C-D,16,18,18,18,16,15,13,17,16
2G3S_1_I-J,8,8,8,8,8,8,8,8,8
2G91_1_A-B,6,6,6,6,6,6,6,6,6
2G92_1_A-B,10,10,10,10,10,10,9,10,10
2GJW_1_I-J-L,12,13,13,12,9,11,9,13,11
2GXB_1_E-F,6,5,6,6,6,6,6,6,0
2H1M_1_A-B,12,12,12,12,12,12,12,12,12
2HVY_1_E,16,16,16,15,16,16,16,16,16
2HW8_1_B,12,12,12,12,12,12,12,12,12
2I82_1_F,7,5,7,6,6,6,6,6,6
2I91_1_F-E,7,7,7,7,6,7,7,7,7
2IZN_1_R,5,5,5,5,5,5,5,5,5
2JLT_1_A,5,4,4,4,4,4,4,4,4
2NUE_1_C,21,21,21,21,21,21,21,21,21
2NUG_1_E-F-C-D,20,20,20,20,20,20,20,16,20
2O3V_1_A-B,14,14,14,14,14,14,14,14,14
2O3X_1_A-B,16,16,16,16,16,16,16,16,16
2O3Y_1_A-B,14,14,14,14,14,14,14,14,14
2OE5_1_B-A,12,12,12,12,12,12,12,12,12
2OE8_1_B-A,12,12,12,12,12,12,12,12,12
2OEU_1_A,5,5,5,5,5,5,5,5,4
2OIU_1_P,23,23,23,23,21,21,21,23,22
2OIU_1_Q,23,23,23,23,23,23,20,23,23
2OZB_1_C,10,10,10,10,10,10,10,10,10
2P7E_1_D-C-P,11,12,12,10,11,11,11,11,10
2PJP_1_B,10,10,10,10,10,10,10,10,9
2PN3_1_A-B,14,14,14,14,14,14,13,14,14
2Q1O_1_C-D,10,10,10,10,10,10,10,10,10
2QUS_1_A,22,22,22,22,22,22,22,22,20
2QUW_1_B,12,12,12,12,12,12,12,12,10
2QUX_1_F,9,9,9,9,9,9,9,9,9
2QWY_1_C,13,13,13,13,13,13,13,13,13
2R1S_1_A-B,10,10,10,10,10,10,10,10,10
2R8S_1_R,47,45,45,45,45,45,45,45,45
2RFK_1_E-D-F,24,25,24,21,24,22,18,24,24
2UWM_1_D,10,10,10,10,10,10,10,10,10
2UXC_1_X-Y,3,3,3,2,3,3,2,3,3
2V6W_1_A-B,7,7,7,7,7,7,7,7,7
2V7R_1_A-B,7,7,7,7,7,7,7,7,7
2VAL_1_A-C,7,7,7,7,7,7,7,7,7
2VPL_1_B,15,15,16,16,15,15,15,16,16
2VUQ_1_A-B,7,7,7,7,7,7,7,7,7
2W89_1_A-B,7,7,7,7,7,7,6,7,7
2XDB_1_G,7,7,7,7,7,7,7,7,7
2XLK_1_C,4,4,5,4,5,4,5,5,5
2XSL_1_C-D,7,7,7,7,7,7,7,7,7
2Y8W_1_B,5,5,6,5,6,5,6,6,6
2Y8Y_1_B,5,5,6,5,6,5,6,6,6
2Y9H_1_F,6,6,7,6,7,6,7,7,7
2Y9H_1_H,6,6,7,6,7,6,7,7,7
2Y9H_1_J,4,5,6,4,5,4,5,5,5
2Y9H_1_N,6,5,7,6,7,6,7,7,7
2Z75_1_B,32,32,32,32,32,32,32,32,32
2ZI0_1_C-D,18,18,18,18,18,18,18,18,18
2ZKO_1_C-D,18,18,18,18,18,18,18,18,18
2ZUE_1_B,22,22,22,22,22,22,22,22,21
2ZY6_1_A,9,9,9,9,9,9,9,9,9
2ZZM_1_B,20,19,20,16,18,19,16,20,15
2ZZN_1_D,22,22,22,22,21,21,21,22,22
315D_1_A-B,6,5,8,6,8,6,8,8,8
332D_1_A-B,4,3,6,4,6,4,6,6,6
353D_1_A-B,11,11,11,11,11,11,7,12,12
354D_1_A-B,2,2,3,2,3,2,3,4,3
359D_1_B-A,13,12,13,12,11,11,11,12,12
361D_1_A,5,4,5,4,4,4,4,7,6
361D_1_B,6,5,6,5,5,5,5,7,7
364D_1_C-B-A,19,18,19,18,19,19,18,19,18
377D_1_A-B,4,3,6,4,6,4,6,6,6
397D_1_A-B,11,11,11,11,11,11,11,11,11
3A6P_1_E-D,22,21,21,20,18,20,17,21,21
3ADD_1_C,33,28,33,27,33,28,33,33,32
3ADL_1_B-C,10,8,9,9,8,9,9,10,9
3AL0_1_E,24,22,23,22,22,22,21,22,21
3AM1_1_B,30,30,30,29,30,30,29,30,29
3AMU_1_B,19,19,22,16,17,21,11,21,19
3AVU_1_T-G,6,4,6,4,3,4,2,7,5
3AVW_1_T-G,8,8,8,8,8,8,8,8,8
3AVX_1_T-G,9,9,9,9,9,9,8,9,9
3AVY_1_T-G,6,3,5,1,2,1,0,4,4
3BBM_1_B-C-A,19,20,20,18,19,19,20,19,19
3BNN_1_C-D,12,12,12,12,12,12,12,12,12
3BNR_1_C-D,12,12,12,12,12,12,12,12,12
3BT7_1_D,6,6,6,6,6,6,6,6,6
3C3Z_1_A-B,18,18,18,18,18,18,18,18,18
3CGP_1_B-A,10,10,10,10,10,10,10,10,10
3CGR_1_B-A,10,10,10,10,10,10,10,10,10
3CGS_1_B-A,10,10,10,10,10,10,10,10,10
3CJZ_1_A-B,10,10,10,10,10,10,10,10,10
3CUL_1_C,25,26,26,26,25,25,25,28,25
3D0U_1_A,56,57,56,55,56,56,54,56,54
3D2V_1_A,20,20,20,20,20,20,20,20,19
3DH3_1_F-E,8,8,8,8,8,8,8,8,8
3DIL_1_A,63,63,62,62,62,62,62,62,60
3E5C_1_A,16,16,16,16,16,16,16,16,16
3EGZ_1_B,17,17,17,16,15,16,15,18,18
3EPH_1_E,21,20,18,17,19,20,17,21,20
3EQT_1_C-D,8,8,8,8,8,8,8,8,8
3F2X_1_X,32,32,32,29,29,30,26,30,30
3FOZ_1_D,18,18,18,18,17,18,17,18,17
3FS0_1_B-A,7,7,7,7,7,7,7,7,7
3FTE_1_C-D,17,17,17,16,16,17,15,17,17
3FTF_1_C-D,15,15,15,15,15,15,15,15,15
3FTM_1_D-C,8,8,8,8,8,8,8,8,8
3G9C_1_Q,40,39,42,35,35,36,34,40,39
3GLP_1_B-A,6,6,6,6,6,6,6,4,6
3GM7_1_G-H,12,12,12,12,12,12,11,12,12
3GS5_1_A,8,8,8,8,7,8,8,8,8
3GS5_1_C,10,10,11,10,9,11,10,10,10
3GVN_1_A-B,7,7,7,7,7,7,7,7,7
3H5X_1_T-P,7,7,7,7,7,7,7,7,7
3HAX_1_E,16,16,16,16,16,16,16,16,16
3HHN_1_E,45,45,45,45,44,45,44,45,45
3HJW_1_D,16,16,16,16,16,16,16,16,16
3IAB_1_R,12,12,12,12,12,12,12,12,12
3IGI_1_A,121,119,119,111,116,116,113,120,115
3IVN_1_A,24,24,24,23,24,24,23,24,23
3JCS_1_3,44,36,38,27,32,35,24,37,38
3JCS_1_5,21,20,18,14,14,16,13,20,19
3JCS_1_6,2,2,2,2,2,2,1,2,2
3JXQ_1_L-K,4,4,4,4,4,4,4,4,4
3K1V_1_A,8,8,8,8,8,8,8,8,8
3KFU_1_L,22,22,22,22,22,22,20,22,20
3KMQ_1_B-C,5,5,5,5,4,4,4,5,4
3KNA_1_B-C,5,4,4,4,3,4,3,4,4
3KOA_1_B-C,4,3,3,2,2,3,1,4,4
3KS8_1_E-F,18,18,18,18,18,18,18,18,18
3L25_1_C-F,8,8,8,8,8,8,8,8,8
3LA5_1_A,25,25,24,24,24,24,24,25,25
3LOA_1_B-A,15,15,15,15,15,15,15,15,15
3LQX_1_B,15,15,15,15,15,15,15,15,15
3LRR_1_C-D,8,10,10,9,10,10,5,10,9
3MEI_1_A-B,17,17,17,17,17,17,17,17,17
3MJA_1_B,10,10,9,9,10,9,8,10,10
3MOJ_1_A,24,24,23,19,21,21,15,23,22
3MQK_1_D-E,4,4,4,4,4,4,3,5,4
3MXH_1_R,25,25,25,25,24,25,24,25,25
3NDB_1_M,45,43,45,42,38,45,38,46,44
3NJ7_1_C-D,8,8,8,8,8,8,8,8,8
3NKB_1_B,19,19,19,19,19,19,19,19,18
3NL0_1_B-C,6,5,5,5,4,5,3,5,4
3NMA_1_B-C,2,1,0,1,0,1,0,1,0
3NMU_1_E-K,11,10,10,7,7,6,4,9,5
3NPQ_1_A,12,13,14,13,11,11,11,14,10
3NVI_1_F,3,3,3,3,3,3,3,3,3
3OG8_1_C-D,14,14,14,14,14,14,14,14,14
3OIN_1_C,4,4,4,4,4,4,4,4,4
3OL9_1_B-F-C-G-D-H,30,30,30,28,30,30,26,30,28
3OVB_1_C,12,12,12,11,11,12,11,12,12
3OXE_1_A,26,26,26,26,25,26,25,26,26
3P22_1_A,11,11,11,11,11,11,11,11,11
3P59_1_E-A-C-G-B-D-F-H,32,32,33,32,30,34,27,33,33
3PDR_1_X,50,50,50,48,50,50,49,50,50
3Q3Z_1_V,25,25,24,24,24,24,24,24,23
3QRP_1_B-C,6,6,6,6,6,6,6,6,6
3R1C_1_E-F,6,6,6,6,6,6,6,6,6
3R1C_1_K-L,6,6,6,6,6,6,6,6,6
3R1C_1_Q-R,6,6,6,6,6,6,6,6,6
3R1D_1_A-B,8,8,8,8,8,8,8,3,8
3R1E_1_A-B,6,6,6,6,6,6,6,6,6
3R2D_1_R-S,5,5,5,5,5,5,5,5,5
3R9X_1_C,11,10,10,9,9,9,8,10,8
3RG5_1_B,30,25,30,26,30,26,30,30,29
3RKF_1_C,24,24,24,24,24,24,21,24,24
3RW6_1_H,19,19,19,18,19,19,19,19,19
3S49_1_E-F,6,6,6,6,6,6,6,6,6
3SIU_1_F,8,8,8,8,8,8,8,8,8
3SJ2_1_A-B,14,14,14,14,14,14,14,14,14
3SKI_1_A,26,26,25,25,25,25,25,25,26
3SKL_1_B,24,24,24,23,23,23,23,24,25
3SN2_1_B,12,12,12,12,12,12,12,12,11
3SNP_1_D,12,12,12,12,12,12,12,12,11
3SUX_1_X,29,30,30,29,29,29,28,30,29
3SZX_1_A-B,14,14,14,13,14,14,14,14,14
3TD0_1_B-A,14,14,14,14,14,14,14,14,14
3TRZ_1_U,4,4,4,4,4,4,4,4,4
3TS2_1_U,4,4,4,4,4,4,4,4,4
3TS2_1_V,4,4,4,4,4,4,4,4,4
3TZR_1_A-B,12,12,12,12,12,12,12,12,12
3U4M_1_B,23,22,22,22,22,22,22,22,21
3V7E_1_C,45,46,46,44,46,46,35,46,44
3VJR_1_B,12,12,12,12,12,12,12,12,12
3VNV_1_T-G,6,7,7,7,7,7,5,7,7
3VYX_1_B-C,10,10,10,10,10,10,10,10,10
3WBM_1_X-Y,20,20,20,20,20,20,20,20,20
3WFS_1_A,16,21,21,21,20,20,15,21,19
3ZGZ_1_B,26,24,25,22,25,22,24,25,23
402D_1_A-B,6,6,6,6,6,6,6,6,6
406D_1_A-E,14,14,14,14,14,14,14,0,14
409D_1_C-D,6,4,8,6,8,6,6,8,6
418D_1_A-B,6,6,6,6,6,6,6,6,6
419D_1_C-D,6,6,6,6,6,6,6,6,6
422D_1_A-B,6,6,6,6,6,6,6,6,6
433D_1_A-B,14,14,14,14,14,14,14,14,14
435D_1_C-D,7,7,7,7,7,7,7,7,7
438D_1_A-B,8,8,8,8,8,8,7,8,8
464D_1_A-B,6,6,6,6,6,6,6,6,6
472D_1_A-B,8,8,8,8,8,8,8,8,8
485D_1_A-B,6,3,8,6,8,6,8,8,8
4AL5_1_B,5,5,5,5,5,5,5,5,5
4AOB_1_A,30,29,29,28,28,29,28,29,29
4ATO_1_G,7,7,7,7,7,7,6,7,7
4AY2_1_C,7,7,7,7,7,7,7,7,7
4B3R_1_Z-W,6,7,7,6,6,6,6,7,7
4BW0_1_A,6,6,6,6,6,6,6,6,6
4C4W_1_H,8,8,8,8,8,8,8,8,8
4C7O_1_E,19,20,20,17,20,20,19,20,19
4C8Y_1_C,3,3,4,3,1,3,4,4,4
4C8Z_1_C,3,2,3,3,3,3,3,3,3
4C9D_1_D,3,1,3,2,2,3,2,3,3
4E48_1_A-B,14,14,14,14,14,14,14,14,14
4E58_1_D-C-E,4,4,4,4,4,4,4,4,4
4E59_1_A-B,4,4,4,4,4,4,4,4,4
4E5C_1_A-B,18,18,18,18,18,18,17,18,18
4E6B_1_A-B,4,5,4,3,4,3,4,4,4
4E6B_1_E-F,4,5,4,3,4,3,4,4,4
4E78_1_P-T,2,2,2,2,2,2,2,2,2
4E7A_1_P-T,2,2,2,2,2,2,2,2,2
4ENC_1_A,15,15,15,15,15,15,15,15,15
4ERD_1_C-D,17,17,17,17,17,17,17,17,17
4FEN_1_B,23,23,23,23,23,23,23,23,23
4FRG_1_B,24,25,25,24,23,23,24,25,24
4FVU_1_B-C,8,8,8,8,8,8,8,8,8
4G9Z_1_E-F,4,4,4,4,4,4,4,4,4
4GCW_1_B,15,14,14,14,14,14,13,14,13
4GHA_1_I-J,12,12,12,12,12,12,11,12,12
4GV6_1_C-B,3,3,3,3,3,3,3,3,3
4IFD_1_R,4,4,4,0,3,4,2,4,4
4IG8_1_B-C,18,18,18,18,18,18,18,18,18
4ILL_1_R,3,3,3,3,3,3,3,3,3
4J50_1_A-B,14,14,14,14,14,14,14,14,14
4JAB_1_A-B,8,8,8,7,8,8,7,8,8
4JAH_1_A-B,4,4,4,4,4,4,4,4,4
4JF2_1_A,24,24,24,24,24,24,24,24,24
4JRC_1_B,17,17,17,17,17,17,15,17,16
4JRT_1_A-B,12,12,12,12,12,12,12,12,12
4JXZ_1_B,20,20,20,20,20,20,20,20,20
4K27_1_U,17,17,17,17,17,17,17,17,17
4K31_1_B-C,16,16,16,16,16,16,14,16,16
4K4S_1_B-F-C-G-D-H,32,29,30,26,30,30,28,30,30
4K4U_1_B-C-D,15,14,13,14,14,14,12,14,14
4K4Z_1_N-O-P,14,13,14,12,13,13,12,13,13
4K50_1_B,6,6,6,6,6,6,6,6,6
4KQ0_1_B-E,14,14,14,14,14,14,14,14,14
4KR6_1_C,11,10,12,10,10,10,8,9,10
4KR6_1_D,9,10,10,9,9,9,9,10,9
4KYY_1_A-B,14,14,14,14,14,14,14,14,14
4KZD_1_R,25,25,25,25,24,25,25,25,25
4KZY_1_i,452,437,423,395,417,423,333,437,417
4KZZ_1_j,19,22,22,18,20,20,15,20,18
4L8H_1_R,8,8,8,8,8,8,8,8,8
4LFB_1_A,437,435,435,425,430,431,422,438,426
4LGT_1_E,6,6,6,6,6,6,6,6,6
4LVW_1_A,30,30,30,30,30,30,30,30,29
4LX6_1_A,26,25,25,24,25,25,24,25,25
4M4O_1_B,20,20,20,20,20,20,20,20,18
4M6D_1_H,10,12,12,11,9,10,8,11,9
4MCF_1_B-D-C-A,17,17,17,17,17,17,17,17,17
4N0T_1_B,16,15,16,14,14,15,13,17,15
4NLF_1_A,6,6,6,6,6,6,6,6,6
4O26_1_E,18,17,17,17,17,17,14,17,17
4O41_1_C-D,8,8,8,8,8,8,8,8,8
4OJI_1_A,19,18,19,19,19,19,19,18,17
4OOG_1_D,14,14,14,14,14,14,14,14,14
4OQU_1_A,32,32,32,32,31,32,31,32,32
4P3T_1_A-B,14,14,14,14,14,14,14,14,14
4P3U_1_B-A,14,16,16,15,16,16,16,16,14
4P3U_1_C-D,15,16,16,16,15,16,15,16,15
4P43_1_B-A,18,18,18,18,18,18,18,18,18
4P5J_1_A,27,27,27,27,27,27,27,27,26
4P97_1_A-B,9,9,9,9,9,9,9,9,9
4PCJ_1_A,12,12,12,12,12,12,12,12,12
4PCO_1_A-B,10,10,10,10,10,10,10,10,10
4PDB_1_I,14,14,14,14,13,14,14,14,14
4PKD_1_V,15,15,15,15,15,15,15,15,15
4PQV_1_A,20,21,21,21,20,20,21,21,19
4PR6_1_B,23,22,22,22,22,22,22,22,22
4PRF_1_B,22,22,22,22,21,22,20,21,22
4QEI_1_C,21,21,21,20,21,21,19,21,20
4QI2_1_G,6,6,6,6,6,6,5,6,6
4QIK_1_C-D,12,13,13,13,13,13,13,13,13
4QIL_1_C,6,6,6,6,6,6,6,6,6
4QLM_1_A,35,35,35,35,34,35,33,35,34
4QOZ_1_A,6,6,6,6,6,6,6,6,6
4QPX_1_P-T,6,6,6,6,6,6,6,6,6
4RDX_1_C,20,21,21,21,20,21,19,21,19
4RGE_1_C,19,19,20,19,18,19,19,20,18
4RMO_1_B,10,10,10,10,10,10,10,10,10
4RUM_1_A,29,29,29,29,29,29,28,29,29
4RWN_1_B-C,19,20,19,18,19,18,19,19,19
4RZD_1_A,28,28,28,27,27,28,27,28,27
4TS2_1_Y-X,27,27,28,27,25,27,27,27,27
4TUW_1_C,6,6,6,6,6,6,6,6,6
4U34_1_B-A,6,6,6,6,6,6,6,6,6
4U35_1_B-A,6,6,6,6,6,6,6,6,6
4U3L_1_A-B,8,8,8,8,8,8,8,8,8
4U7U_1_L,6,6,6,6,6,6,6,6,6
4V88_1_A6,461,438,448,434,434,441,419,456,438
4V90_1_AV,20,19,20,19,19,19,18,21,19
4V99_1_C2,2,4,4,4,4,4,2,4,3
4V9F_1_0,800,791,789,782,780,785,776,788,771
4V9F_1_9,34,33,32,32,33,33,32,33,32
4WF9_1_X,748,729,733,683,703,716,647,735,706
4WF9_1_Y,19,18,16,15,15,17,11,20,16
4WFL_1_A,35,35,35,35,35,35,35,35,35
4WQ1_1_3K,19,20,19,16,17,19,13,20,19
4WRT_1_V-R,6,6,6,6,6,6,6,6,6
4WSB_1_V-R,7,7,7,7,7,7,7,7,7
4WSM_1_1K,20,16,22,14,9,14,6,20,18
4WTC_1_T-P,5,4,5,5,5,5,5,5,5
4WTD_1_T-P,5,3,5,5,5,5,5,5,5
4WTE_1_T-P,5,3,5,5,5,5,5,5,5
4WTI_1_T-P,2,1,2,2,2,2,2,2,2
4WTJ_1_T-P,2,2,2,2,2,2,2,2,2
4WTK_1_T-P,2,1,2,2,2,2,2,2,2
4WTL_1_T-P,2,1,2,2,2,2,2,2,2
4WTM_1_T-P,2,1,2,2,2,2,2,2,2
4WZM_1_B-C,6,5,5,5,4,5,4,5,4
4WZQ_1_B-C,7,6,6,6,6,5,5,6,5
4X2B_1_B-C,4,4,4,3,3,3,1,3,2
4X4N_1_D,11,10,10,10,10,10,10,11,11
4X4U_1_G,9,7,7,6,6,7,6,9,9
4X4V_1_B,10,11,11,11,11,10,9,11,10
4X62_1_b-a,3,2,3,2,3,3,2,3,2
4XNR_1_X,25,25,25,25,25,25,25,25,25
4XW0_1_A-B,2,2,2,2,2,2,2,2,2
4XWF_1_A,19,19,19,19,19,19,19,19,19
4Y1M_1_B,36,36,36,36,36,36,36,36,36
4YAZ_1_R,26,25,25,25,25,25,25,25,25
4YCO_1_D,22,22,22,21,21,22,20,22,21
4YCP_1_B,18,18,18,18,18,18,18,18,17
4YYE_1_C,21,21,21,21,21,21,21,21,20
4Z0C_1_C,1,1,0,1,0,1,1,1,1
4Z31_1_C-D,10,10,10,10,10,10,10,10,10
4Z31_1_E,5,5,5,5,5,5,5,5,5
4Z4D_1_B-D,8,9,8,7,8,7,8,8,8
4Z7K_1_C,1,1,2,1,1,1,1,2,2
4ZLD_1_B,6,6,6,6,6,6,6,6,6
4ZNP_1_A,20,21,21,20,21,21,18,21,21
4ZT0_1_D,17,17,17,17,17,17,17,17,16
5AH5_1_D,24,22,23,21,22,21,22,23,22
5AMQ_1_C,1,2,2,2,2,2,1,2,2
5AMR_1_B-C,8,8,8,8,8,8,8,8,8
5AOX_1_C,30,30,30,30,30,30,30,30,30
5AXM_1_P,20,20,20,20,20,20,20,20,20
5AY2_1_A-B,8,8,8,8,8,8,8,8,8
5B2P_1_B,21,20,21,21,21,21,21,21,20
5B2T_1_A,17,17,17,17,17,17,17,17,16
5B63_1_D,18,17,18,13,14,18,15,17,14
5BJO_1_E,7,7,8,7,7,7,7,7,7
5BKL_1_UU-ll,3,3,4,3,3,2,3,0,4
5BKL_1_WW-V,2,2,2,2,2,2,1,1,2
5BKL_1_Y-n,6,4,5,3,5,4,3,0,4
5BKL_1_bb-qq,4,4,4,3,4,3,3,0,3
5BKL_1_e-P,4,3,2,1,3,3,1,0,3
5BKL_1_h-S,3,5,5,4,3,3,3,0,4
5BKL_1_i-T,2,2,2,2,2,2,1,0,2
5BKL_1_kk-TT,1,2,2,2,2,2,1,0,1
5BKL_1_m-X,5,6,6,5,7,6,4,0,5
5BKN_1_T-i,2,2,2,2,2,2,2,0,2
5BKN_1_TT-kk,3,0,3,1,0,0,0,0,0
5BKN_1_UU-ll,3,3,3,3,4,3,3,0,3
5BKN_1_V-WW,0,2,3,1,2,2,0,1,0
5BKN_1_X-m,6,6,6,5,6,5,6,0,6
5BKN_1_Y-n,6,6,5,5,5,4,3,0,5
5BKN_1_bb-qq,3,3,3,1,2,2,1,0,0
5BTM_1_A,12,12,12,12,12,12,12,12,12
5BTP_1_B,18,18,18,18,18,18,17,18,18
5C45_1_X-Y,33,33,33,32,33,33,31,33,33
5C9H_1_C-D,6,6,6,5,6,6,5,6,6
5C9H_1_G-E,5,6,6,6,6,6,5,6,6
5CCB_1_N,23,22,23,22,22,23,22,22,22
5CNR_1_A-B,6,6,6,6,6,6,6,6,6
5D0A_1_F,5,4,5,5,5,5,5,5,5
5D0B_1_F,6,6,6,6,6,6,6,6,5
5D5L_1_A,24,24,24,24,24,24,24,24,24
5D8H_1_A,19,17,17,17,17,17,17,17,17
5D8T_1_A-B,4,4,4,4,4,4,4,4,4
5DDP_1_A,18,17,17,17,17,17,17,17,16
5DE8_1_A,7,7,7,7,7,7,7,7,7
5DEA_1_C,7,7,7,7,7,7,7,7,7
5DH6_1_A,6,6,6,6,6,6,6,6,5
5DHB_1_A-B,2,2,2,2,2,2,2,2,2
5DHC_1_C-D,8,8,8,8,8,8,8,8,8
5E3H_1_B-C,11,11,11,11,11,11,11,11,11
5E6M_1_C,22,22,21,21,21,21,21,21,21
5E81_1_1K,14,13,14,11,9,12,6,14,11
5E81_1_2K,20,20,21,19,20,21,19,19,19
5E81_1_3L,20,15,16,12,11,12,9,14,14
5ED1_1_C-B,21,21,21,21,20,20,19,21,20
5ED2_1_F-E,21,22,21,20,20,20,20,21,21
5EL4_1_3L,22,17,18,11,12,14,10,19,17
5EW4_1_B-A,12,11,12,12,12,12,12,12,12
5F5F_1_B,6,6,6,6,6,6,6,6,6
5F5F_1_F,5,5,5,5,5,5,5,5,5
5F5H_1_C,7,7,7,7,7,7,7,7,7
5F5H_1_D,6,6,6,6,6,6,6,6,6
5F8J_1_B-C,11,11,11,11,11,11,11,11,11
5F8N_1_B-C,8,8,8,8,8,8,8,8,8
5F9F_1_F,10,10,10,10,10,10,10,10,10
5FJ4_1_H,8,8,8,8,8,8,8,8,8
5FJC_1_A,29,29,29,29,29,29,29,29,28
5FQ5_1_A,17,17,17,16,17,17,17,17,16
5G4T_1_A-B,5,5,5,3,5,5,5,5,5
5G4U_1_I-J,10,10,10,10,10,10,10,10,10
5H1K_1_C-D,2,2,2,2,2,2,2,2,2
5H9F_1_L,5,4,5,2,2,4,1,5,4
5HNJ_1_A-B,6,6,6,6,6,6,6,6,6
5HR6_1_C,20,20,21,20,20,20,20,20,19
5HR7_1_D,20,20,21,20,20,20,19,20,18
5IBB_1_1L,14,14,14,11,11,11,8,14,10
5ID6_1_G,5,5,5,5,5,5,5,5,5
5J7L_1_AA,446,437,438,426,426,430,406,437,425
5J7L_1_DA,831,824,824,811,815,820,800,826,795
5J7L_1_DB,36,36,36,36,36,36,36,36,35
5JAJ_1_X-Y,10,10,10,10,10,10,10,8,10
5JBG_1_X,9,9,9,9,9,9,9,9,9
5JC7_1_X-Y,23,23,23,23,23,23,23,23,23
5JCF_1_Y-X,10,10,10,10,10,10,10,10,10
5JCH_1_U-V,10,10,10,10,10,10,10,10,10
5JXS_1_B-C,6,6,6,6,5,6,4,6,6
5K7D_1_A,12,11,12,12,11,12,10,12,12
5KPY_1_A,20,20,20,20,20,20,20,20,20
5KVJ_1_A-B,16,16,16,14,16,16,14,16,16
5L00_1_A-B,8,8,8,8,8,8,8,8,8
5L4O_1_A,21,21,21,21,21,21,20,21,20
5LQO_1_A-B,6,6,6,6,6,6,6,6,6
5LQT_1_A-B,6,6,6,6,6,6,6,6,6
5LR3_1_A-B,4,4,4,4,4,4,4,4,4
5LR4_1_A-B,4,4,4,4,4,4,4,4,4
5LR5_1_C-D,6,6,6,6,6,6,6,6,6
5LYS_1_B,21,21,21,21,21,21,20,18,21
5LZS_1_3,23,20,21,19,19,21,17,21,19
5M0H_1_A,14,14,15,12,11,11,9,14,12
5M0I_1_E,6,6,6,6,6,6,6,6,6
5M0I_1_F,6,6,6,6,6,6,6,6,6
5M0J_1_E,6,6,6,6,6,6,6,6,6
5M0J_1_F,6,6,6,6,6,6,6,6,6
5M3H_1_V-R,7,7,7,7,7,7,7,7,7
5MGA_1_B,5,5,5,5,5,5,5,5,5
5MSF_1_R,5,5,5,5,5,5,5,5,5
5NDH_1_A,5,5,5,5,5,5,5,5,5
5NDI_1_B,7,7,7,7,7,7,7,7,7
5NFV_1_B,5,5,5,5,5,5,5,5,5
5NS3_1_C,10,10,10,10,10,10,10,10,9
5NWQ_1_A,13,11,11,11,11,11,11,11,11
5O7H_1_A,5,5,5,5,5,5,5,5,5
5SWD_1_B,23,23,23,23,23,23,23,23,23
5T16_1_H,13,13,13,13,13,13,13,13,13
5T2A_1_B,253,261,264,252,242,252,210,266,246
5T3K_1_A-B,13,13,13,13,13,13,13,13,13
5T5A_1_A,22,20,21,21,20,21,21,22,21
5T5H_1_A-C,358,345,352,335,324,343,324,350,338
5T5H_1_B,230,224,229,205,211,223,200,231,220
5T5H_1_D,34,34,33,30,30,33,26,34,34
5T5H_1_E,37,36,36,32,32,36,31,36,36
5T5H_1_G,37,36,36,35,35,35,32,36,36
5T5H_1_H,28,26,27,27,24,27,26,27,27
5T83_1_A,27,24,23,23,22,23,22,24,23
5TBW_1_1-4,933,910,914,891,892,901,869,915,883
5TBW_1_AS,39,39,37,37,37,37,37,37,36
5TPY_1_A,25,25,25,25,25,25,25,25,24
5TSN_1_P-T,6,6,6,6,6,6,6,6,6
5U0Q_1_C-D,5,5,5,5,5,5,5,5,5
5U30_1_B,26,27,28,24,25,26,24,27,25
5U3G_1_B,23,24,24,24,24,24,24,25,24
5UD5_1_C,24,24,24,24,24,24,24,24,23
5UDZ_1_W,6,6,6,6,6,6,6,6,6
5UED_1_A-B,10,10,10,10,10,10,10,10,10
5UNE_1_A-B,33,34,32,33,32,33,31,34,32
5UZ6_1_A,6,6,6,6,6,6,6,6,6
5V1K_1_A-B,6,6,6,6,6,6,6,6,6
5V3F_1_A,4,4,4,4,4,4,4,4,4
5VCI_1_A-B,11,11,11,11,11,11,11,11,11
5VJ9_1_C,6,6,6,6,6,6,6,6,6
5VW1_1_C,17,17,17,17,17,17,17,17,16
5VYC_1_i2,343,324,339,280,264,297,205,333,277
5W0O_1_C-D,14,14,14,14,14,14,14,14,14
5W1H_1_B,5,5,5,0,5,5,5,5,4
5WLH_1_B,5,5,5,0,5,5,5,5,5
5WT1_1_C,20,20,20,20,20,20,20,20,20
5WTI_1_B,30,30,30,30,30,30,28,30,30
5WTK_1_B,5,5,5,5,5,5,5,5,4
5X2G_1_B,25,24,24,24,24,24,24,24,24
5X6B_1_P,23,19,20,17,18,18,15,21,18
5XH7_1_B,5,5,5,5,5,5,5,5,5
5XJ2_1_G,5,4,4,4,3,4,2,4,4
5XTM_1_B,10,10,10,10,10,10,10,10,10
5XTM_1_D,11,11,11,11,11,11,10,11,11
5XUZ_1_B,5,5,5,5,5,5,5,5,5
5Y58_1_X,10,10,10,10,10,10,10,10,10
5Y6Z_1_B-C,11,11,11,11,10,10,10,11,11
5Y85_1_D,10,10,10,10,10,10,10,10,10
5ZQ8_1_D,2,2,2,2,2,2,2,2,2
5ZTM_1_C,17,17,17,17,17,17,17,18,17
5ZUU_1_E-F,4,4,4,4,4,4,4,4,4
5ZW4_1_D,5,5,5,5,5,5,3,5,5
6AAX_1_B,11,12,12,12,12,12,11,12,11
6AAY_1_B,12,10,10,10,10,10,10,10,10
6AJK_1_B,12,12,12,12,12,12,12,12,12
6ASO_1_I,15,16,17,16,14,14,13,15,15
6AZ1_1_1,401,398,393,371,379,386,346,404,389
6AZ3_1_1-7,424,428,432,421,408,419,380,429,408
6AZ3_1_2,239,238,242,226,230,233,207,244,236
6AZ3_1_3,41,46,46,46,44,44,43,46,43
6AZ3_1_4,47,48,48,47,45,46,44,48,45
6AZ3_1_5,24,25,25,24,23,24,19,25,23
6AZ3_1_6,11,9,10,8,10,9,8,9,7
6AZ3_1_8,35,36,36,36,36,36,33,37,35
6AZ4_1_A,6,6,6,6,6,6,6,6,6
6B44_1_M,2,2,2,2,0,2,0,2,0
6BGB_1_A-B,14,14,14,14,14,14,14,14,14
6BHJ_1_E,0,0,14,0,12,0,10,13,13
6C63_1_A,6,6,6,6,6,6,6,6,6
6CB3_1_B,33,33,33,33,33,33,32,33,33
6CF2_1_G,11,11,12,10,11,11,11,12,11
6CFJ_1_1x,21,21,21,20,21,21,21,21,20
6CK5_1_A,35,35,35,34,34,34,33,34,34
6CU1_1_A,28,28,28,28,28,28,28,28,27
6D12_1_C,14,14,12,12,12,13,12,14,14
6D3P_1_A,9,9,9,9,9,9,9,9,9
6DB9_1_R,18,19,18,18,17,17,17,19,17
6DCC_1_B,9,9,9,9,9,9,9,9,9
6DLR_1_A,33,32,32,32,32,32,31,33,32
6DME_1_A,32,31,31,31,31,31,31,31,31
6DN2_1_Y-X,34,33,32,31,31,31,27,33,31
6DTD_1_C,12,11,12,11,11,11,11,11,10
6DU4_1_B,6,7,7,6,6,6,6,7,7
6DVK_1_H,30,30,31,28,29,28,27,30,30
6E1S_1_A,7,6,7,7,0,7,7,7,6
6E8S_1_A,8,8,8,8,8,8,8,9,8
6E8T_1_A,7,7,7,7,7,7,6,8,7
6E8T_1_D,7,7,7,7,7,7,7,7,7
6E8U_1_B,7,7,7,7,7,7,7,6,7
6ERI_1_AA,728,728,731,707,714,726,674,730,710
6ERI_1_AB,24,24,24,23,24,24,23,24,24
6ERI_1_Ax,37,37,35,34,34,35,29,36,36
6ERI_1_BA,410,403,403,389,395,402,370,403,395
6F4G_1_C,6,6,6,6,6,6,6,6,6
6F4H_1_B,6,6,6,6,6,6,6,6,6
6F4H_1_D,5,5,5,5,5,5,4,5,5
6FF4_1_6,12,12,12,11,12,12,12,12,12
6FQ3_1_B,5,5,5,5,5,5,5,5,4
6FQL_1_B,5,5,5,5,5,5,5,5,4
6FZ0_1_A,11,11,11,11,11,11,10,11,11
6G3B_1_C,0,0,0,0,0,2,0,0,0
6GSK_1_1K,13,9,9,7,7,9,3,11,8
6GSK_1_3L,21,16,18,13,16,17,11,17,16
6GSL_1_1L,19,19,21,15,15,16,9,20,16
6GVY_1_C-B,5,5,5,4,5,5,4,5,4
6GYV_1_A,60,61,61,60,60,60,59,59,59
6H0R_1_A,13,13,13,13,13,13,13,13,13
6H9H_1_D,6,6,6,6,6,6,6,6,6
6H9H_1_E,6,6,6,6,6,6,6,6,6
6HC5_1_A,6,6,6,6,6,6,6,6,6
6HTU_1_D-F,19,19,19,19,19,19,19,19,19
6HU6_1_B-F,9,9,9,9,9,9,8,9,9
6IA2_1_A-B,14,14,14,14,14,14,14,13,14
6ID1_1_H-F,46,46,45,42,38,44,31,48,44
6IV9_1_B,9,9,9,0,9,9,9,9,9
6JDV_1_B,45,45,45,45,45,45,45,45,45
6JOO_1_B,26,26,26,24,25,26,24,26,25
6JQ5_1_B-A,51,51,51,51,51,51,51,51,51
6JQ6_1_U,19,19,19,19,19,19,19,19,19
6KWQ_1_B,6,6,6,6,6,6,6,6,6
6KWR_1_B,5,6,6,6,6,6,5,6,6
6KYV_1_G,9,9,9,9,9,9,9,9,9
6LAX_1_A,16,16,16,16,16,16,16,16,16
6LSE_1_C-B,7,7,7,7,7,7,7,0,7
6LSF_1_C-B,6,3,6,1,6,1,1,0,3
6LSG_1_B-C,8,8,8,8,8,8,8,8,8
6LSH_1_B-C,9,9,9,8,9,9,9,9,9
6LT7_1_C,14,14,14,14,14,14,14,14,13
6LTU_1_B,6,6,6,6,6,6,6,6,5
6M0X_1_B,15,15,15,15,15,15,15,15,14
6M6S_1_C-D,10,10,10,10,10,10,10,10,10
6MFN_1_E-C,6,6,6,6,6,6,6,6,6
6MSF_1_R,5,5,5,5,5,5,5,5,5
6MSF_1_S,3,3,3,3,3,3,3,3,3
6MWN_1_B,30,30,30,30,30,30,30,30,30
6N2V_1_A,32,32,32,31,32,32,30,32,32
6N4O_1_C-D,12,11,11,11,11,11,10,11,11
6N5P_1_A,34,36,36,35,35,35,35,36,34
6O5F_1_D-C,17,15,11,10,11,12,10,16,16
6O7H_1_G-H,16,14,16,11,12,14,9,16,9
6OF1_1_1w,20,19,20,18,20,20,17,20,20
6OL3_1_C,46,46,46,46,46,46,45,46,46
6OZO_1_C-D,10,9,10,10,10,10,10,10,10
6OZP_1_C-D,10,10,10,10,10,10,10,10,10
6OZR_1_C-D,10,9,10,10,10,10,10,10,10
6P2H_1_A,20,20,20,20,20,20,19,20,20
6P7M_1_B,5,5,5,5,5,5,5,5,5
6PIJ_1_1,5,5,5,5,5,5,5,5,5
6PMO_1_A,21,20,20,19,19,19,19,20,20
6PMO_1_B,22,22,22,22,22,22,22,22,21
6PRV_1_A,16,15,14,14,13,13,13,14,13
6PZQ_1_J-I,4,4,4,4,4,4,4,4,4
6Q8V_1_A,5,5,5,5,4,5,5,5,5
6QDV_1_2-6,45,47,47,45,45,46,42,45,45
6QIT_1_A-B,4,4,4,4,4,4,4,4,4
6QN3_1_A-B,33,34,34,34,34,34,34,34,31
6QW6_1_4,27,28,28,28,26,28,26,28,27
6QW6_1_5,34,34,34,32,34,34,34,34,32
6R5Q_1_3,22,22,21,21,21,22,18,22,21
6R6P_1_2,15,13,13,12,12,12,10,16,13
6RA4_1_L-M,4,4,4,4,4,4,4,4,4
6RFL_1_U,18,18,18,17,18,18,18,17,17
6RJA_1_D,19,21,21,20,19,20,17,21,18
6RR7_1_D-E,6,6,6,6,6,6,6,6,6
6S0X_1_a,410,359,357,316,364,365,330,369,345
6S8B_1_V-U,33,34,34,31,32,32,29,34,30
6SKG_1_BB,38,38,37,37,37,37,36,37,35
6SQN_1_Y,4,4,4,4,4,4,4,4,4
6SVS_1_A,24,24,24,24,23,24,24,24,24
6SX2_1_C-D,18,18,18,18,18,18,18,18,18
6SY4_1_C,6,7,7,7,7,7,6,7,6
6SY6_1_D,5,5,5,5,3,4,3,5,5
6SZU_1_V-M,12,12,12,12,12,12,12,12,12
6SZV_1_R-M,9,10,9,8,9,8,9,9,9
6T4Q_1_6,21,21,21,21,21,21,21,21,20
6T4Q_1_7,20,20,20,20,20,20,20,20,19
6TB3_1_n,21,21,21,21,21,21,21,21,21
6TFF_1_A,20,20,20,20,20,20,20,20,20
6TH6_1_BA,825,815,822,800,800,812,797,825,791
6TPQ_1_V,38,36,36,36,36,36,36,36,35
6TQA_1_G,8,8,8,8,8,8,8,8,8
6TQB_1_B,8,7,8,7,8,7,8,3,8
6TW1_1_V-M,12,12,12,12,12,12,12,12,12
6TY9_1_T-N,15,15,12,9,12,12,6,10,10
6U8D_1_A,27,27,27,27,27,27,27,27,26
6UFG_1_A,46,46,46,46,46,46,46,46,45
6UFG_1_B,22,22,22,22,22,22,22,22,21
6UFJ_1_C,12,12,12,12,12,12,12,12,12
6UFM_1_A,22,22,22,22,22,22,22,22,21
6UFM_1_B,29,29,29,29,29,29,29,29,29
6UGG_1_B,22,22,22,22,22,22,22,22,21
6UGI_1_A,12,12,12,12,12,12,12,12,12
6V9B_1_B-D,5,5,4,4,0,4,4,4,4
6VEM_1_A-B,6,6,6,6,6,6,6,6,6
6VRB_1_B,5,5,5,5,5,5,5,5,5
6W5C_1_B,6,6,6,6,6,6,6,6,5
6WBR_1_B,20,22,22,23,21,22,20,22,19
6WOO_1_3,21,21,21,21,21,21,21,21,21
6X5M_1_r,9,9,9,9,9,9,9,9,9
6XA1_1_Bv,18,18,17,16,15,16,12,17,17
6XH2_1_D,10,10,10,10,10,10,10,10,9
6XJQ_1_A,19,19,18,18,18,18,18,18,17
6XN3_1_R-T,21,21,21,19,18,19,16,21,17
6XU8_1_A5-A8,864,841,837,760,790,802,686,846,797
6XU8_1_A7,29,30,30,30,30,30,28,30,28
6XU8_1_B2,375,354,368,302,327,333,251,350,317
6YAL_1_1,21,21,20,17,20,21,20,21,21
6YDP_1_AA,252,247,249,247,246,247,243,249,244
6YDP_1_AV,21,20,17,17,17,18,17,17,16
6YDP_1_BA,350,347,348,343,344,344,341,346,334
6YDP_1_BB,19,18,19,16,18,18,16,18,17
6YHS_1_8-6,3,3,3,3,3,3,3,3,3
6YL5_1_I,7,6,6,6,6,6,6,6,6
6YMC_1_A,11,11,11,11,11,11,11,11,11
6YML_1_A,7,6,6,6,6,6,6,6,6
6YS3_1_v,7,4,4,5,3,5,2,6,6
6YW5_1_aa,399,399,400,392,380,385,374,399,388
6YWE_1_bb,20,17,20,14,15,18,12,21,19
6YWS_1_A,755,759,763,737,722,729,707,757,728
6YYT_1_P-Q-U-T,24,24,24,24,24,24,24,24,24
6ZDP_1_B,22,21,21,20,19,22,16,22,20
6ZDU_1_C,13,14,15,9,10,10,10,14,12
6ZM6_1_w,18,21,19,15,17,18,14,19,17
6ZM6_1_x,20,21,21,18,18,21,14,21,21
6ZMI_1_CC,21,20,20,19,20,21,20,20,20
6ZU5_1_L50,717,711,710,704,703,710,701,713,689
6ZU5_1_L70,36,35,35,35,35,35,35,35,34
6ZU5_1_S60,381,370,371,362,367,371,363,373,361
7A0S_1_X,753,747,745,716,724,732,697,740,723
7A0S_1_Y,32,32,32,28,27,30,28,31,29
7A9N_1_K-L,8,8,8,8,8,8,8,8,8
7AAP_1_T-P,9,9,9,8,9,9,7,9,9
7AQC_1_T,21,20,20,20,20,20,19,20,19
7AS8_1_2,20,20,19,19,19,19,19,20,19
7B3D_1_T-P,9,11,10,9,10,9,9,10,10
7B5K_1_x,21,21,21,21,21,21,21,21,20
7B5K_1_z,21,20,19,19,17,20,18,21,21
7B9V_1_2-6,81,81,79,77,80,80,79,80,80
7BAH_1_C-D,12,12,12,11,11,12,9,12,12
7BKP_1_X-Z,14,14,14,14,14,14,14,14,14
7BV2_1_T-P,11,11,10,9,10,10,9,11,10
7C2K_1_F-G,14,15,14,0,13,13,14,14,14
7C79_1_A,54,75,81,72,58,65,39,77,53
7C7L_1_C,35,35,35,34,34,35,35,35,35
7CPU_1_L5-L8,1016,1004,1002,987,985,991,973,1011,982
7CPU_1_L7,37,36,36,35,36,36,36,36,35
7CPU_1_S2,391,391,389,378,375,380,361,392,373
7CPU_1_S6,18,16,17,14,15,15,12,17,15
7CXM_1_J-I,23,23,24,20,19,22,17,23,22
7CYQ_1_J-I,22,22,24,20,19,22,20,23,22
7D3J_1_B,6,6,6,6,6,6,6,6,5
7D7V_1_A,19,19,19,19,19,19,19,19,19
7D7W_1_A,19,19,19,19,19,19,19,19,19
7D81_1_A,16,17,17,16,16,17,14,17,17
7D8O_1_B,7,7,7,7,7,7,7,7,7
7DCO_1_B,50,48,47,42,44,45,38,48,42
7DCO_1_H-F,64,66,64,54,59,59,44,67,58
7DFG_1_T-P,11,12,12,11,11,11,11,12,12
7DFH_1_T-P,8,7,8,7,6,6,5,8,7
7DOI_1_T-P,11,12,12,12,11,11,11,12,11
7DOK_1_T-P,20,20,20,20,20,20,20,20,19
7DTE_1_F-G,28,30,29,26,28,27,27,28,28
7DVQ_1_F-H,25,25,25,24,24,25,24,25,25
7E8O_1_X,21,22,22,19,21,22,17,22,20
7EAG_1_C-D-E-F-A-B,27,27,27,27,27,27,27,27,27
7ECK_1_I-J,7,7,8,8,7,7,7,8,7
7ECN_1_A-B,10,10,10,10,10,10,10,10,10
7ECO_1_E-F,10,10,10,10,10,10,10,10,10
7ECP_1_A-B,10,10,10,10,10,10,10,10,10
7ED5_1_J-I,22,21,20,17,15,15,15,20,21
7EDT_1_A-B,10,10,10,10,10,10,9,10,10
7EL1_1_B,16,16,16,16,16,16,16,16,16
7ELQ_1_A,16,15,15,15,15,15,15,15,14
7ENI_1_B,16,16,16,16,16,16,15,16,16
7EOG_1_A,15,15,15,15,15,15,15,15,15
7EU9_1_B,6,6,6,6,6,6,6,6,5
7EVO_1_H,38,38,37,37,33,36,33,38,35
7JIL_1_1,745,771,769,758,742,745,728,770,736
7JIL_1_2,388,400,401,384,382,388,369,396,377
7JIL_1_3,30,31,31,30,31,31,29,31,29
7JJU_1_A-B,32,32,32,32,32,32,32,32,31
7JNH_1_B,28,28,28,28,28,28,28,28,28
7JRR_1_A,13,13,13,13,13,13,12,13,13
7K16_1_P,16,16,16,16,16,16,16,16,16
7K98_1_C,22,22,22,22,22,22,22,22,21
7KFN_1_B-C,21,22,21,20,21,20,21,21,20
7KGA_1_A,28,28,28,28,28,28,28,28,28
7KGA_1_B,29,29,29,29,29,29,29,29,29
7KGB_1_B,31,30,30,30,30,30,30,30,29
7KGB_1_a,435,428,426,419,426,426,421,429,421
7KI3_1_C,6,6,6,6,6,6,6,6,6
7KJV_1_C-D,21,21,21,21,21,21,21,21,21
7KKV_1_B,21,21,21,21,21,21,21,21,21
7KUN_1_A-B,8,8,8,8,8,8,8,8,8
7KVU_1_G,23,23,23,23,23,23,23,23,23
7L0Z_1_G,21,21,21,21,20,21,21,21,21
7LJ3_1_A,24,21,21,20,17,21,18,20,19
7LNE_1_A-B,8,8,8,8,8,8,8,8,8
7LO9_1_A-B,7,7,6,6,6,6,6,7,6
7LYS_1_B,5,5,5,5,5,5,5,5,5
7M2V_1_S-h,9,9,9,9,9,7,9,0,0
7M2V_1_T-k,9,9,9,9,9,5,9,0,9
7M2V_1_V-ww,9,9,9,9,9,5,8,0,9
7M2V_1_X-m,9,9,9,9,9,6,9,0,9
7M2V_1_Y-n,9,9,9,9,9,6,9,0,9
7M2V_1_yy-zz,9,9,9,9,9,5,8,0,9
7M50_1_WW-V,2,2,2,2,2,3,2,1,2
7M50_1_X-m,6,6,7,7,7,6,5,0,6
7M50_1_bb-qq,3,3,3,2,3,3,1,0,2
7M50_1_e-P,4,3,2,1,2,3,1,0,2
7M50_1_h-S,4,2,4,2,3,3,2,0,4
7M50_1_i-T,2,2,2,2,2,2,2,0,2
7M50_1_n-Y,6,6,5,5,5,5,4,0,5
7MJV_1_E,3,2,2,2,1,2,1,2,2
7MJW_1_G,3,3,3,3,3,3,3,3,3
7MKY_1_A,26,26,26,26,26,26,25,21,26
7MLW_1_F,40,37,40,36,36,38,33,39,37
7MLX_1_R,23,23,23,23,23,23,23,23,23
7MQA_1_L2,43,44,43,40,41,42,41,42,42
7MSF_1_R,5,5,4,5,5,5,4,5,5
7N0D_1_I-L-J,17,17,17,16,17,17,16,17,17
7N2V_1_Dt,21,21,21,20,21,21,21,21,20
7N2V_1_Pt,22,20,21,19,19,20,19,20,19
7NHN_1_a,449,440,434,427,432,435,430,439,431
7NQ4_1_C,6,6,6,6,6,6,6,6,6
7O7Y_1_AT,16,17,17,17,16,16,16,17,17
7O7Y_1_B5-B8,1104,1092,1097,1075,1040,1079,1034,1100,1054
7O7Y_1_B7,36,35,35,35,35,35,34,35,34
7O7Z_1_AH,26,26,26,23,25,25,23,24,24
7O80_1_AT,24,25,23,24,23,23,19,24,23
7OAX_1_A,15,15,15,15,15,15,15,15,15
7OB9_1_R,5,5,5,5,4,5,5,5,5
7ODF_1_F,5,5,5,5,5,5,5,5,5
7OIF_1_z,26,24,24,24,24,24,24,25,23
7OJL_1_D-E,9,9,9,9,9,9,9,9,9
7OJN_1_R-M,7,8,7,6,7,6,7,7,7
7OLC_1_3,24,37,37,34,34,34,30,36,27
7OM7_1_H-G,6,6,6,6,6,6,6,6,6
7ONU_1_T,19,20,20,20,19,20,17,20,20
7ORN_1_H-T,8,9,8,7,8,7,8,8,8
7ORO_1_T-P,9,9,9,9,9,9,9,9,9
7OS0_1_D,6,6,6,6,6,6,6,7,6
7OSM_1_ASIT,11,11,13,9,6,10,6,13,9
7OT5_1_z,19,19,19,19,19,19,19,19,18
7OUO_1_AAA-BBB,8,8,8,8,8,8,8,8,8
7OYB_1_22,313,317,324,285,281,299,234,309,295
7OYB_1_51-81,916,908,900,875,866,892,835,918,890
7OYB_1_71,36,37,37,34,37,37,36,36,35
7OYC_1_22,368,370,366,347,344,353,325,371,358
7OYC_1_51-81,940,934,928,904,871,912,812,936,905
7OYC_1_71,35,36,36,34,35,36,31,36,33
7OZQ_1_H,8,8,8,8,8,8,8,8,8
7P0V_1_B,8,8,8,8,8,8,8,8,8
7P3K_1_V,20,21,21,21,20,20,20,21,19
7P48_1_5,19,21,21,20,19,21,17,21,18
7P7Q_1_A,847,830,826,816,816,820,799,830,811
7P7Q_1_B,37,33,33,33,33,33,32,34,33
7P7Q_1_D,20,21,21,21,21,21,18,21,20
7P7Q_1_a,444,437,435,431,430,433,426,436,427
7P7T_1_C,21,21,21,21,21,21,21,21,21
7PKT_1_0,24,22,22,22,23,22,21,22,20
7PKT_1_1,34,34,34,33,34,34,33,33,34
7PKT_1_3-4-5-2,124,124,122,121,120,121,119,121,122
7PKT_1_7-6,145,145,140,137,137,140,134,143,141
7PKT_1_8,85,83,80,75,80,82,75,82,78
7PLI_1_C,5,5,5,5,5,5,5,5,5
7PLI_1_G,4,5,5,5,4,4,4,5,5
7PMM_1_D,16,17,17,16,16,16,15,17,16
7PWG_1_1-4,724,725,726,724,716,723,703,730,706
7PWG_1_w,4,4,4,4,3,4,4,4,4
7PWO_1_2,334,335,332,327,323,329,312,335,321
7PWO_1_3,35,34,34,34,34,34,34,34,33
7PWO_1_w2,4,4,4,4,3,4,4,4,4
7PZY_1_1-4,939,920,921,909,909,912,905,922,901
7PZY_1_10,4,4,3,2,3,3,2,5,3
7PZY_1_3,38,37,37,37,37,37,37,37,36
7Q4K_1_D2,19,19,19,19,19,19,19,19,19
7Q80_1_B-C-A,18,21,20,19,19,19,18,20,17
7Q82_1_C-B-A,16,20,20,19,18,18,15,19,18
7QCA_1_L50,684,699,693,684,683,689,675,695,676
7QCA_1_L70,34,36,34,32,33,33,31,35,34
7QCA_1_S60,343,355,349,346,343,345,323,354,338
7QEP_1_1,586,629,636,621,626,628,606,633,604
7QEP_1_2,33,36,35,34,35,36,31,36,34
7QEP_1_3,289,348,347,342,338,340,323,348,319
7QGG_1_E,34,34,34,33,33,33,33,33,33
7QGG_1_S2,383,387,379,368,377,373,364,381,357
7QGG_1_t-D,995,988,978,966,960,968,948,991,968
7QGG_1_u,17,17,16,16,16,16,16,17,17
7QGG_1_v,18,17,14,14,14,15,13,14,15
7QH7_1_B,8,7,7,6,6,6,5,7,6
7QI4_1_A,342,341,338,333,335,336,330,338,327
7QI4_1_AA,251,249,249,247,248,249,245,249,242
7QI4_1_Aw,5,5,5,5,5,5,3,5,5
7QI4_1_Ax,20,21,21,18,18,21,13,21,19
7QI4_1_B,17,15,16,15,15,16,14,16,16
7QIW_1_2-8,872,864,866,852,842,856,830,867,839
7QIW_1_5,35,35,35,34,35,35,34,35,34
7QIY_1_2,110,109,108,108,106,108,103,110,106
7QIZ_1_S2,384,379,377,368,362,370,357,379,364
7QIZ_1_aA-bA,6,6,6,6,6,6,5,6,6
7QQP_1_A,17,17,17,17,17,17,17,17,16
7QQX_1_A,17,17,17,17,17,17,17,17,16
7QR0_1_A,17,17,17,17,17,17,17,17,16
7QR3_1_C,22,23,22,21,21,22,21,22,23
7QR4_1_B,21,21,21,17,20,21,16,21,21
7QR8_1_A,15,16,16,16,16,16,15,16,15
7QTL_1_M-R,9,10,9,8,9,8,9,9,9
7QTN_1_B-A,12,12,12,12,12,12,12,12,12
7QVP_1_B4,22,20,20,20,21,21,20,21,21
7R6Q_1_1-2,95,97,98,97,94,95,97,96,91
7R6Q_1_6,17,19,19,19,19,19,18,19,19
7R81_1_A1-C1,865,853,852,847,843,844,840,859,829
7R81_1_A2,448,442,436,428,435,436,426,440,431
7R81_1_B1,37,36,36,36,36,36,36,36,35
7R81_1_t1,21,21,20,20,21,21,20,21,20
7R97_1_C,11,11,11,11,11,11,11,11,11
7RE1_1_T-P,34,34,34,34,34,34,34,34,34
7REX_1_A,5,5,5,5,5,5,5,5,5
7RQB_1_1A,855,827,843,819,837,829,817,842,818
7RQB_1_1B,37,37,37,37,37,37,37,37,37
7S36_1_R,23,23,23,23,23,23,23,23,22
7SFR_1_A,878,861,856,842,853,856,843,865,849
7SFR_1_B,32,30,30,29,30,30,29,30,28
7SFR_1_a,438,426,414,394,423,422,404,426,419
7ST2_1_5,22,22,21,21,21,22,20,22,21
7SZU_1_R,23,23,22,22,22,22,21,22,22
7TTW_1_2,17,14,13,13,13,13,12,17,14
7TZS_1_X,22,22,22,22,22,22,22,22,20
7U2I_1_1w,23,21,22,19,21,22,19,22,22
7U8B_1_A-B,8,8,8,8,8,8,8,8,8
7UCK_1_2,14,14,12,12,12,12,12,14,13
7UIN_1_B,168,166,167,164,143,165,157,164,161
7UNW_1_A,828,813,813,807,809,809,805,820,791
7UNW_1_B,37,36,36,35,35,35,35,36,34
7UNW_1_a,441,440,437,434,433,435,429,438,429
7UOB_1_T-P,28,33,33,33,29,30,28,33,31
7UQ6_1_B,25,25,25,25,25,25,25,25,24
7UQB_1_6,14,14,14,13,12,13,13,14,13
7UR5_1_v,27,26,30,26,30,26,27,30,28
7UTN_1_C,51,51,52,50,50,51,50,52,52
7UU5_1_M-N,8,8,8,8,8,8,8,8,8
7UVZ_1_A,787,783,781,770,771,778,768,786,761
7UVZ_1_v,20,20,20,20,20,20,20,20,20
7UW1_1_B,33,33,33,32,33,33,32,33,32
7UW1_1_a,450,444,441,435,439,440,435,442,436
7UY6_1_B,29,32,35,29,29,30,20,32,27
7V94_1_B,26,26,26,24,23,26,24,27,26
7VNV_1_A,17,17,17,17,17,17,17,17,17
7VTI_1_B,12,12,12,12,12,12,12,12,12
7VTN_1_B,12,12,12,12,12,12,12,12,12
7WAY_1_D,30,29,30,28,29,30,29,29,31
7WIE_1_V,16,16,16,16,16,16,16,16,16
7WJU_1_C,41,42,41,40,38,42,40,42,38
7XD9_1_B-C,9,9,9,9,9,9,9,9,9
7XHT_1_B,51,51,50,50,47,50,50,50,50
7XJG_1_H,15,14,14,12,13,13,13,14,11
7XPL_1_G-H-I-J,31,30,31,30,30,30,30,31,30
7XSP_1_D-A,9,10,12,11,10,10,6,12,8
7XWZ_1_C-D,7,8,7,6,7,6,7,7,7
7Y7P_1_C-D,7,7,7,6,7,7,7,7,7
7Y7Q_1_C-D,7,7,7,7,7,7,7,7,7
7Y81_1_B-C,16,14,15,13,14,14,13,15,12
7YED_1_T-N-M,30,31,30,27,30,29,28,29,28
7YGA_1_N,131,130,128,125,128,129,126,129,130
7YSE_1_E,22,22,23,22,22,22,22,23,20
7Z42_1_V,2,2,2,2,2,2,2,2,2
7ZHG_1_2,403,399,399,396,396,398,395,401,394
7ZJW_1_I,18,15,17,13,14,15,11,18,17
7ZJW_1_S,8,7,6,6,5,6,1,6,4
7ZO1_1_A,17,17,17,17,17,17,17,17,16
7ZP8_1_v,12,12,12,12,13,13,12,12,11
7ZTA_1_ATR1,20,19,19,19,19,19,19,19,19
7ZTA_1_ETR1,19,19,19,18,18,19,18,19,19
7ZUX_1_7,21,21,20,20,20,21,20,21,20
7ZW0_1_sl,22,21,20,20,21,21,20,21,20
7ZW0_1_sn,21,20,20,20,20,20,20,21,20
8A22_1_A1,14,15,15,15,15,15,13,15,13
8A22_1_A3-A2,61,65,65,65,64,64,61,65,62
8A22_1_A5-A4,47,43,43,42,42,42,42,43,43
8A22_1_A7-A6,129,140,140,136,137,137,126,141,132
8A22_1_A8,73,74,75,73,72,72,71,76,72
8A22_1_A9,18,18,18,17,16,16,15,20,17
8A22_1_B3-B2-B1,154,159,159,157,155,156,151,160,149
8A22_1_B4,67,70,69,68,69,69,68,70,66
8A57_1_A,825,810,812,789,790,801,767,818,784
8A57_1_B,34,33,33,29,32,33,29,31,30
8AF0_1_C-D,16,15,16,15,16,16,15,16,16
8AKN_1_Z,13,15,18,12,9,16,3,18,12
8AM9_1_8,21,21,21,20,19,19,15,20,19
8AMI_1_B-A,8,8,8,8,8,8,8,8,8
8AS7_1_P-T-G,10,11,10,8,9,9,8,10,10
8ASD_1_T-G,8,9,8,6,7,7,7,8,8
8B6Z_1_B,1,1,1,1,1,1,1,1,1
8BE0_1_M-R,9,9,9,9,9,9,9,9,9
8BE0_1_V,2,2,2,2,2,2,2,2,2
8BF5_1_M-R,9,9,9,9,8,9,8,9,9
8BF8_1_B,37,36,36,0,34,36,34,36,35
8BUU_1_A,834,831,829,819,816,821,794,831,815
8BUU_1_a,450,446,444,437,437,437,418,445,430
8CRX_1_A,443,435,428,416,425,426,411,427,425
8CVM_1_a,797,783,776,758,771,772,748,782,765
8CVM_1_b,35,35,35,35,34,34,32,35,33
8CVO_1_A,136,134,129,121,128,129,120,130,129
8D1V_1_J-N,14,13,13,8,10,12,8,14,9
8D28_1_B,9,9,9,9,9,9,9,9,9
8D29_1_C,10,11,10,10,11,11,9,11,10
8D29_1_F,10,10,10,10,9,9,9,10,9
8D29_1_J,8,9,10,7,6,7,5,10,7
8D4A_1_B,5,5,5,5,5,5,4,5,5
8D8L_1_a,447,446,445,438,436,441,431,445,430
8DC2_1_B,10,11,10,0,9,9,9,10,10
8DK7_1_C,7,7,8,7,6,6,6,8,6
8DP3_1_R,35,35,35,35,35,35,34,35,35
8DVU_1_B,18,18,18,18,17,18,18,18,18
8E0F_1_D-C,29,29,29,29,29,29,29,29,29
8E2A_1_B,4,4,4,4,3,4,4,4,4
8E4X_1_C-D,29,29,29,29,29,29,29,29,29
8E8M_1_R,9,9,9,9,8,10,8,9,9
8EA4_1_7,56,60,68,58,53,59,45,65,52
8EHQ_1_R,7,7,7,7,7,7,7,7,7
8ESQ_1_6,19,19,18,16,17,18,17,17,17
8EUG_1_1-2,863,857,856,834,832,838,789,858,821
8EUG_1_9,38,37,37,36,37,37,36,37,37
8EUY_1_6,5,5,5,5,4,5,5,6,6
8G60_1_At,24,22,22,21,22,22,20,22,20
8G9Z_1_E,30,25,30,24,29,26,28,0,28
8GLP_1_L5-L8,1021,1011,1013,1004,996,1008,1001,1011,987
8GLP_1_L7,37,36,36,36,36,36,36,36,35
8GLP_1_Pt,21,21,21,21,21,21,21,21,20
8GNA_1_C-J,12,12,13,11,12,12,12,12,10
8GS2_1_R-D,20,22,21,19,20,19,20,21,18
8GWE_1_J-I,23,25,24,23,23,23,23,24,24
8GXB_1_A,14,13,13,13,12,13,13,13,12
8GXB_1_B,13,13,13,13,12,13,13,13,12
8H1B_1_C,5,5,5,5,5,5,5,5,5
8HBA_1_B,13,13,13,13,11,13,12,13,12
8HHL_1_B,10,10,10,0,10,10,10,10,10
8HMY_1_T,22,24,25,24,24,24,23,25,24
8HMZ_1_5-3,22,24,24,24,23,24,22,24,24
8I3Z_1_B-A,14,13,13,13,12,13,12,13,12
