molecule,inf_mean,matrix_perc [%]
1A9N_1_Q,1.0,100.0
1B23_1_R,0.43,100.0
1B7F_1_P,0.35,5.56
1B7F_1_Q,0.67,25.0
1CSL_1_B-A,0.86,100.0
1D4R_1_B-A,0.58,77.78
1DFU_1_M-N,0.72,100.0
1DUH_1_A,1.0,2.78
1DUQ_1_B-A,0.93,100.0
1E7K_1_C,0.72,45.83
1EC6_1_C,0.62,50.0
1EC6_1_D,0.0,2.78
1ET4_1_A,0.61,100.0
1F1T_1_A,0.82,77.78
1F7U_1_B,0.74,100.0
1FEU_1_C-B,0.7,100.0
1FUF_1_A-B,0.96,77.78
1FXL_1_B,0.5,16.67
1G1X_1_D-E,0.68,100.0
1G1X_1_J-I,0.66,100.0
1G2E_1_B,1.0,16.67
1GAX_1_D,0.68,100.0
1H3E_1_B,0.57,100.0
1H4S_1_T,0.69,100.0
1HMH_1_A,0.62,88.89
1HMH_1_E,0.6,100.0
1I6U_1_C,0.59,77.78
1ICG_1_A-B,1.0,16.67
1IHA_1_A-B,1.0,16.67
1IL2_1_C,0.64,100.0
1J1U_1_B,0.68,100.0
1J9H_1_A-B,0.83,77.78
1JBR_1_C-F,0.81,100.0
1JID_1_B,0.83,65.28
1KD4_1_A-B,0.9,100.0
1KD5_1_A-B,0.74,100.0
1KH6_1_A,0.63,68.06
1KUQ_1_B,0.55,100.0
1KXK_1_A,0.67,100.0
1L2X_1_A,0.7,77.78
1L9A_1_B,0.52,100.0
1LNT_1_A-B,0.68,100.0
1M5K_1_B,0.63,100.0
1MFQ_1_A,0.53,100.0
1MHK_1_L-S,0.68,58.33
1MJI_1_D,0.58,68.06
1MMS_1_C,0.67,100.0
1MZP_1_B,0.63,100.0
1N32_1_Y-Z,0.0,1.39
1N78_1_C,0.67,100.0
1NTA_1_A-B,0.54,77.78
1NUV_1_A-B,1.0,41.67
1NUV_1_E-F,1.0,41.67
1OOA_1_C,0.58,36.11
1Q96_1_A,0.79,100.0
1QBP_1_A-B,0.81,27.78
1QF6_1_B,0.73,100.0
1QTQ_1_B,0.55,100.0
1QU2_1_T,0.74,100.0
1R3E_1_C,0.93,100.0
1RLG_1_D,0.58,54.17
1RPU_1_C-D,0.39,16.67
1S03_1_A,0.33,55.56
1S03_1_B,0.4,44.44
1SA9_1_C-D,0.7,79.17
1SAQ_1_A-B,0.8,37.5
1SER_1_T,0.76,100.0
1T0E_1_A-C,0.93,100.0
1TFW_1_G-J,0.56,22.22
1U0B_1_A,0.61,100.0
1U1Y_1_R,1.0,100.0
1U9S_1_A,0.46,100.0
1WPU_1_C,1.0,2.78
1XJR_1_A,0.61,100.0
1XOK_1_A,1.0,77.78
1Y26_1_X,0.68,100.0
1Y27_1_X,0.64,100.0
1YFG_1_A,0.47,100.0
1YLS_1_B,0.75,100.0
1YTU_1_E-F,0.0,2.78
1YZ9_1_C-D-E-F,0.75,16.67
1Z7F_1_B-C,0.83,65.28
1ZBH_1_F,0.0,1.39
1ZL3_1_B,0.93,100.0
1ZX7_1_C-E-D-F,0.85,29.17
1ZZ5_1_A-C-B-D,0.71,2.78
205D_1_A-B,0.86,100.0
246D_1_A-B,1.0,8.33
280D_1_A-B,0.96,100.0
2A43_1_A,0.72,77.78
2AKE_1_B,0.38,100.0
2ANN_1_B,0.72,45.83
2ASB_1_B,0.8,8.33
2ATW_1_B,1.0,2.78
2AZX_1_D,0.68,100.0
2B3J_1_E,0.8,34.72
2BH2_1_D,0.53,45.83
2BTE_1_B,0.6,100.0
2CSX_1_C,0.61,100.0
2DLC_1_Y,0.6,100.0
2DRA_1_B,0.93,100.0
2DU3_1_D,0.52,100.0
2E9T_1_B-C,0.4,6.94
2E9Z_1_B-C,0.67,8.33
2ET8_1_A-B,0.79,100.0
2F8K_1_B,0.0,1.39
2F8S_1_C-D,0.66,4.17
2GIC_1_R,0.0,2.78
2GJW_1_I-J-L,0.21,73.61
2H1M_1_A-B,0.75,16.67
2HVY_1_E,0.66,100.0
2HW8_1_B,0.6,88.89
2I82_1_F,0.93,77.78
2JLT_1_A,1.0,100.0
2NUE_1_C,0.67,4.17
2O3V_1_A-B,0.83,100.0
2O3X_1_A-B,0.94,100.0
2O3Y_1_A-B,0.85,100.0
2OE5_1_B-A,0.76,100.0
2OE8_1_B-A,0.76,100.0
2OEU_1_A,0.68,83.33
2OIU_1_P,0.52,80.56
2OIU_1_Q,0.74,100.0
2OZB_1_C,0.64,45.83
2P7E_1_D-C-P,0.78,100.0
2PN3_1_A-B,0.79,100.0
2QUS_1_A,0.46,77.78
2QUW_1_B,0.54,58.33
2QWY_1_C,0.54,100.0
2R1S_1_A-B,1.0,77.78
2R8S_1_R,0.66,100.0
2RFK_1_E-D-F,0.35,11.11
2VPL_1_B,0.6,76.39
2XBM_1_E-F,0.7,100.0
2XDB_1_G,0.63,100.0
2XLK_1_C,0.68,37.5
2XS2_1_B,1.0,41.67
2XS5_1_D,1.0,58.33
2XS7_1_B,1.0,58.33
2XZL_1_B,1.0,58.33
2Y8W_1_B,0.28,8.33
2Y8Y_1_B,1.0,1.39
2Y9H_1_F,1.0,1.39
2Y9H_1_H,1.0,1.39
2Y9H_1_J,0.28,23.61
2Y9H_1_N,1.0,1.39
2Z75_1_B,0.61,100.0
2ZKO_1_C-D,1.0,16.67
2ZUE_1_B,0.7,100.0
2ZY6_1_A,0.65,100.0
2ZZM_1_B,0.48,100.0
2ZZN_1_D,0.56,100.0
315D_1_A-B,1.0,8.33
332D_1_A-B,1.0,8.33
353D_1_A-B,0.0,1.39
354D_1_A-B,0.69,100.0
359D_1_B-A,0.51,100.0
361D_1_A,0.21,50.0
361D_1_B,0.2,37.5
364D_1_C-B-A,0.59,43.06
377D_1_A-B,1.0,1.39
3A6P_1_E-D,0.0,4.17
3ADD_1_C,0.62,100.0
3ADL_1_B-C,0.0,16.67
3AGV_1_S,0.71,58.33
3AL0_1_E,0.66,100.0
3AM1_1_B,0.58,100.0
3AMU_1_B,0.63,100.0
3AVU_1_T-G,0.21,13.89
3AVX_1_T-G,0.0,1.39
3AVY_1_T-G,0.16,12.5
3BBM_1_B-C-A,0.7,83.33
3BNN_1_C-D,0.8,100.0
3BNR_1_C-D,0.81,100.0
3CUL_1_C,0.61,100.0
3D0U_1_A,0.72,100.0
3D2V_1_A,0.67,100.0
3DD2_1_B,0.73,100.0
3DH3_1_F-E,0.79,100.0
3DIL_1_A,0.76,100.0
3E5C_1_A,0.73,100.0
3EGZ_1_B,0.65,100.0
3EPH_1_E,0.61,100.0
3F2X_1_X,0.64,100.0
3FOZ_1_D,0.65,100.0
3FS0_1_B-A,1.0,37.5
3FTE_1_C-D,0.61,88.89
3FTF_1_C-D,0.73,100.0
3FTM_1_D-C,0.59,50.0
3G9C_1_Q,0.47,100.0
3G9Y_1_C,0.3,27.78
3GLP_1_B-A,0.85,16.67
3GM7_1_G-H,0.67,27.78
3GS5_1_A,0.56,59.72
3GS5_1_C,0.76,100.0
3HAX_1_E,0.63,100.0
3HHN_1_E,0.41,100.0
3HJW_1_D,0.61,45.83
3IAB_1_R,0.46,12.5
3IBK_1_A,0.92,100.0
3IBK_1_B,0.97,100.0
3IEV_1_D,1.0,2.78
3IGI_1_A,0.59,100.0
3IVN_1_A,0.6,100.0
3JCS_1_3,0.39,100.0
3JCS_1_5,0.49,100.0
3JCS_1_6,0.38,50.0
3K1V_1_A,0.63,100.0
3KFU_1_L,0.56,100.0
3KNA_1_B-C,0.36,23.61
3KOA_1_B-C,0.5,2.78
3LA5_1_A,0.68,100.0
3LOA_1_B-A,0.61,41.67
3LQX_1_B,0.65,100.0
3MDG_1_C,0.71,58.33
3MDI_1_C,0.67,41.67
3MEI_1_A-B,0.73,77.78
3MIJ_1_A,0.92,100.0
3MJA_1_B,0.71,1.39
3MOJ_1_A,0.42,88.89
3MQK_1_D-E,0.28,44.44
3MXH_1_R,0.52,100.0
3NDB_1_M,0.65,100.0
3NKB_1_B,0.56,100.0
3NL0_1_B-C,0.47,4.17
3NMA_1_B-C,1.0,2.78
3NMU_1_E-K,0.44,100.0
3NPQ_1_A,0.57,100.0
3NVI_1_F,0.67,100.0
3OIN_1_C,0.71,2.78
3OL9_1_B-F-C-G-D-H,0.08,16.67
3OVB_1_C,0.77,77.78
3OXE_1_A,0.54,100.0
3P22_1_A,0.83,31.94
3P59_1_E-A-C-G-B-D-F-H,0.35,77.78
3P6Y_1_S,0.0,2.78
3PDR_1_X,0.54,100.0
3Q3Z_1_V,0.66,100.0
3QJJ_1_Q,1.0,41.67
3QJJ_1_R,1.0,27.78
3QRP_1_B-C,1.0,8.33
3R1C_1_E-F,1.0,77.78
3R1C_1_K-L,1.0,77.78
3R1C_1_Q-R,1.0,77.78
3R1D_1_A-B,0.77,34.72
3R2D_1_R-S,0.93,100.0
3R9X_1_C,0.14,6.94
3RG5_1_B,0.66,100.0
3RKF_1_C,0.55,100.0
3RW6_1_H,0.58,100.0
3SIU_1_F,0.62,80.56
3SJ2_1_A-B,0.82,80.56
3SKI_1_A,0.41,77.78
3SKL_1_B,0.39,77.78
3SUX_1_X,0.64,100.0
3SZX_1_A-B,0.57,16.67
3TD0_1_B-A,0.93,100.0
3TRZ_1_U,0.67,27.78
3TS2_1_U,0.0,1.39
3TZR_1_A-B,0.8,100.0
3U4M_1_B,0.64,100.0
3V7E_1_C,0.46,100.0
3VJR_1_B,0.78,100.0
3WBM_1_X-Y,0.62,65.28
3WFS_1_A,0.55,100.0
3ZGZ_1_B,0.6,100.0
402D_1_A-B,0.83,65.28
406D_1_A-E,0.83,27.78
409D_1_C-D,1.0,2.78
422D_1_A-B,1.0,27.78
485D_1_A-B,1.0,8.33
4AL5_1_B,0.96,37.5
4AOB_1_A,0.51,100.0
4ATO_1_G,0.69,100.0
4AY2_1_C,1.0,27.78
4B3R_1_Z-W,0.0,5.56
4BW0_1_A,0.71,65.28
4C4W_1_H,0.55,65.28
4C7O_1_E,0.12,6.94
4C8Y_1_C,0.14,19.44
4C8Z_1_C,0.0,4.17
4C9D_1_D,0.0,5.56
4CSF_1_u,1.0,27.78
4E48_1_A-B,0.68,100.0
4E58_1_D-C-E,0.31,80.56
4E59_1_A-B,0.48,22.22
4E5C_1_A-B,0.78,34.72
4ED5_1_D,0.5,16.67
4ENC_1_A,0.63,100.0
4ERD_1_C-D,0.47,47.22
4FEN_1_B,0.66,100.0
4FRG_1_B,0.59,100.0
4GCW_1_B,0.52,100.0
4J1G_1_E,0.0,2.78
4J50_1_A-B,0.78,12.5
4JF2_1_A,0.59,100.0
4JRC_1_B,0.58,100.0
4JXZ_1_B,0.56,100.0
4K27_1_U,0.71,100.0
4K31_1_B-C,0.95,100.0
4K4U_1_B-C-D,0.17,4.17
4K50_1_B,0.72,31.94
4KQ0_1_B-E,0.88,80.56
4KR6_1_C,0.1,20.83
4KR6_1_D,0.22,11.11
4KYY_1_A-B,0.91,100.0
4KZD_1_R,0.72,100.0
4KZY_1_i,0.38,100.0
4KZZ_1_j,0.38,100.0
4LFB_1_A,0.6,100.0
4LGT_1_E,1.0,77.78
4LVW_1_A,0.66,100.0
4LX6_1_A,0.65,100.0
4M4O_1_B,0.67,100.0
4M6D_1_H,0.63,100.0
4M7A_1_P,1.0,58.33
4MCF_1_B-D-C-A,0.47,61.11
4N0T_1_B,0.6,100.0
4NLF_1_A,0.73,100.0
4O26_1_E,0.36,61.11
4OJI_1_A,0.72,100.0
4OQU_1_A,0.39,100.0
4P3T_1_A-B,0.8,100.0
4P3U_1_B-A,0.84,100.0
4P3U_1_C-D,0.83,27.78
4P43_1_B-A,0.96,100.0
4P5J_1_A,0.54,100.0
4P97_1_A-B,0.93,100.0
4PCJ_1_A,0.76,100.0
4PDB_1_I,0.59,77.78
4PKD_1_V,0.82,100.0
4PQV_1_A,0.68,100.0
4PR6_1_B,0.6,100.0
4PRF_1_B,0.54,100.0
4PWD_1_T,0.07,41.67
4QEI_1_C,0.66,100.0
4QIK_1_C-D,0.88,100.0
4QLM_1_A,0.58,100.0
4QU7_1_X,1.0,2.78
4RDX_1_C,0.54,100.0
4RGE_1_C,0.69,100.0
4RMO_1_B,0.54,100.0
4RUM_1_A,0.54,100.0
4RZD_1_A,0.61,100.0
4TS2_1_Y-X,0.64,100.0
4U7U_1_L,0.63,77.78
4V88_1_A6,0.6,100.0
4V90_1_AV,0.56,100.0
4V99_1_C2,0.66,34.72
4V9F_1_0,0.59,100.0
4V9F_1_9,0.61,100.0
4WF9_1_X,0.53,100.0
4WF9_1_Y,0.34,100.0
4WFL_1_A,0.6,100.0
4WQ1_1_3K,0.45,100.0
4WRT_1_V-R,0.68,22.22
4WSB_1_V-R,0.0,4.17
4WSM_1_1K,0.34,83.33
4WZM_1_B-C,0.48,12.5
4X2B_1_B-C,0.0,8.33
4X4N_1_D,0.47,9.72
4X4U_1_G,1.0,1.39
4X4V_1_B,0.8,77.78
4X62_1_b-a,0.2,6.94
4XNR_1_X,0.6,100.0
4XW0_1_A-B,0.78,100.0
4XWF_1_A,0.63,65.28
4Y1M_1_B,0.62,100.0
4YAZ_1_R,0.51,100.0
4YCO_1_D,0.67,100.0
4YCP_1_B,0.69,100.0
4YYE_1_C,0.73,100.0
4Z31_1_C-D,0.84,100.0
4Z31_1_E,0.8,48.61
4Z7K_1_C,0.0,2.78
4ZNP_1_A,0.52,100.0
4ZT0_1_D,0.19,25.0
5AH5_1_D,0.63,100.0
5AOX_1_C,0.56,100.0
5AXM_1_P,0.66,100.0
5B2P_1_B,0.72,100.0
5B2T_1_A,0.15,19.44
5B63_1_D,0.57,100.0
5BJO_1_E,0.8,100.0
5BKL_1_WW-V,0.33,8.33
5BKL_1_Y-n,0.0,2.78
5BKL_1_bb-qq,0.65,30.56
5BKL_1_e-P,0.0,1.39
5BKL_1_h-S,0.0,2.78
5BKL_1_i-T,1.0,8.33
5BKN_1_T-i,1.0,8.33
5BKN_1_V-WW,0.0,2.78
5BKN_1_Y-n,0.0,2.78
5BTM_1_A,0.7,100.0
5BTP_1_B,0.52,100.0
5BZ1_1_B,0.0,2.78
5C0Y_1_C,0.0,2.78
5C0Y_1_D,0.0,2.78
5C45_1_X-Y,0.67,100.0
5C9H_1_C-D,0.28,9.72
5C9H_1_G-E,0.1,9.72
5CCB_1_N,0.53,100.0
5CNR_1_A-B,0.93,100.0
5D0A_1_F,0.83,65.28
5D0B_1_F,0.65,77.78
5D5L_1_A,0.58,100.0
5D8H_1_A,0.62,100.0
5DDP_1_A,0.78,100.0
5DE8_1_A,0.79,100.0
5DEA_1_C,0.79,100.0
5DH6_1_A,0.69,100.0
5E6M_1_C,0.66,100.0
5E81_1_1K,0.12,69.44
5E81_1_2K,0.62,100.0
5E81_1_3L,0.37,100.0
5ED1_1_C-B,0.8,68.06
5ED2_1_F-E,0.83,65.28
5EL4_1_3L,0.33,100.0
5EW4_1_B-A,0.58,65.28
5F5F_1_B,0.65,100.0
5F5F_1_F,0.72,100.0
5F5H_1_C,0.76,43.06
5F5H_1_D,0.52,77.78
5F9F_1_F,0.25,5.56
5FJ4_1_H,0.69,56.94
5FJC_1_A,0.56,100.0
5FQ5_1_A,0.27,9.72
5G4T_1_A-B,0.72,65.28
5G4U_1_I-J,0.59,100.0
5H9F_1_L,0.25,44.44
5HO4_1_B,0.33,8.33
5HR6_1_C,0.62,100.0
5HR7_1_D,0.6,100.0
5IBB_1_1L,0.32,87.5
5ID6_1_G,0.7,100.0
5J7L_1_AA,0.58,100.0
5J7L_1_DA,0.61,100.0
5J7L_1_DB,0.55,100.0
5K78_1_x,0.71,58.33
5K7D_1_A,0.51,87.5
5KPY_1_A,0.71,100.0
5L2L_1_D,1.0,58.33
5L4O_1_A,0.53,100.0
5LQO_1_A-B,1.0,100.0
5LR3_1_A-B,0.61,37.5
5LR4_1_A-B,0.82,11.11
5LYS_1_B,0.64,77.78
5LZS_1_3,0.51,100.0
5M0H_1_A,0.55,100.0
5M0I_1_E,0.73,100.0
5M0I_1_F,0.87,77.78
5M0J_1_E,0.84,41.67
5M0J_1_F,0.84,41.67
5M3H_1_V-R,0.47,4.17
5MGA_1_B,0.79,100.0
5MSF_1_R,1.0,100.0
5NFV_1_B,0.68,100.0
5NS3_1_C,0.65,68.06
5NWQ_1_A,0.63,100.0
5O7H_1_A,0.4,52.78
5SWD_1_B,0.76,100.0
5T2A_1_B,0.49,100.0
5T3K_1_A-B,0.79,68.06
5T5A_1_A,0.48,100.0
5T5H_1_A-C,0.55,100.0
5T5H_1_B,0.53,100.0
5T5H_1_D,0.58,100.0
5T5H_1_E,0.56,100.0
5T5H_1_G,0.54,100.0
5T5H_1_H,0.58,100.0
5T83_1_A,0.62,100.0
5TBW_1_1-4,0.59,100.0
5TBW_1_AS,0.59,100.0
5TPY_1_A,0.77,100.0
5U0Q_1_C-D,0.5,5.56
5U30_1_B,0.61,100.0
5U3G_1_B,0.58,100.0
5UD5_1_C,0.68,100.0
5UDZ_1_W,0.83,27.78
5UNE_1_A-B,0.34,100.0
5UZ6_1_A,0.69,18.06
5V1K_1_A-B,1.0,37.5
5V3F_1_A,0.84,100.0
5VCI_1_A-B,0.73,100.0
5VW1_1_C,0.15,33.33
5VYC_1_i2,0.43,100.0
5W1H_1_B,0.16,12.5
5WLH_1_B,0.18,5.56
5WT1_1_C,0.7,100.0
5WTI_1_B,0.51,100.0
5WWE_1_B,0.71,8.33
5WWF_1_B,0.0,2.78
5X2G_1_B,0.75,100.0
5X6B_1_P,0.38,100.0
5XH7_1_B,0.76,100.0
5XJ2_1_G,0.71,2.78
5XTM_1_B,0.55,100.0
5XTM_1_D,0.59,100.0
5XUZ_1_B,0.68,100.0
5Y58_1_X,0.67,37.5
5Y85_1_D,0.56,100.0
5ZTM_1_C,0.72,100.0
6AAY_1_B,0.8,100.0
6AJK_1_B,1.0,2.78
6ASO_1_I,0.51,100.0
6AZ1_1_1,0.55,100.0
6AZ3_1_1-7,0.58,100.0
6AZ3_1_2,0.52,100.0
6AZ3_1_3,0.5,100.0
6AZ3_1_4,0.65,100.0
6AZ3_1_5,0.51,100.0
6AZ3_1_6,0.42,30.56
6AZ3_1_8,0.6,100.0
6AZ4_1_A,0.66,100.0
6B44_1_M,0.0,6.94
6BHJ_1_E,0.09,33.33
6C63_1_A,0.81,100.0
6CB3_1_B,0.57,100.0
6CF2_1_G,0.75,100.0
6CFJ_1_1x,0.78,100.0
6CK5_1_A,0.53,100.0
6CU1_1_A,0.71,100.0
6D12_1_C,0.71,2.78
6D3P_1_A,0.8,100.0
6DB9_1_R,0.62,100.0
6DCC_1_B,0.33,16.67
6DLR_1_A,0.52,100.0
6DME_1_A,0.58,100.0
6DN2_1_Y-X,0.54,88.89
6DTD_1_C,0.54,77.78
6DU4_1_B,0.84,83.33
6DVK_1_H,0.56,100.0
6E1S_1_A,0.54,77.78
6E8S_1_A,0.76,100.0
6E8T_1_A,0.76,100.0
6E8T_1_D,0.73,100.0
6E8U_1_B,0.75,100.0
6ERI_1_AA,0.55,100.0
6ERI_1_AB,0.54,100.0
6ERI_1_Ax,0.47,100.0
6ERI_1_BA,0.55,100.0
6F4H_1_D,0.54,12.5
6FF4_1_6,0.72,100.0
6FZ0_1_A,0.64,100.0
6GSK_1_1K,0.36,100.0
6GSK_1_3L,0.26,58.33
6GSL_1_1L,0.22,41.67
6GYV_1_A,0.6,100.0
6H9H_1_D,0.72,58.33
6H9H_1_E,0.92,58.33
6IA2_1_A-B,0.6,86.11
6ID1_1_H-F,0.53,65.28
6JDV_1_B,0.67,100.0
6JJH_1_B,0.97,100.0
6JOO_1_B,0.29,25.0
6JQ5_1_B-A,0.61,100.0
6JQ6_1_U,0.69,100.0
6KWQ_1_B,0.57,9.72
6KWR_1_B,0.14,9.72
6KYV_1_G,0.62,40.28
6L1W_1_C,0.67,41.67
6LAX_1_A,0.46,77.78
6LSF_1_C-B,0.26,58.33
6M0X_1_B,0.39,33.33
6MFN_1_E-C,1.0,16.67
6MWN_1_B,0.8,100.0
6N2V_1_A,0.63,100.0
6N5P_1_A,0.61,100.0
6O16_1_C,0.71,2.78
6O5F_1_D-C,0.44,100.0
6O7H_1_G-H,0.05,9.72
6OF1_1_1w,0.66,100.0
6OL3_1_C,0.41,65.28
6OZO_1_C-D,0.93,77.78
6OZP_1_C-D,1.0,100.0
6OZR_1_C-D,0.93,100.0
6P2H_1_A,0.71,100.0
6P7M_1_B,0.77,100.0
6PIJ_1_1,0.99,37.5
6PMO_1_A,0.28,100.0
6PMO_1_B,0.72,100.0
6PRV_1_A,0.61,100.0
6PZQ_1_J-I,0.77,50.0
6Q8V_1_A,0.59,56.94
6QDV_1_2-6,0.74,100.0
6QIC_1_F,0.33,8.33
6QN3_1_A-B,0.62,100.0
6QW6_1_4,0.7,100.0
6QW6_1_5,0.51,76.39
6R5Q_1_3,0.59,100.0
6R6P_1_2,0.3,100.0
6RA4_1_L-M,0.57,63.89
6RFL_1_U,0.56,100.0
6RJA_1_D,0.29,25.0
6RR7_1_D-E,0.73,22.22
6S0X_1_a,0.32,100.0
6S8B_1_V-U,0.48,68.06
6SKG_1_BB,0.44,100.0
6SVS_1_A,0.69,87.5
6SX2_1_C-D,0.45,20.83
6SY4_1_C,0.83,100.0
6SY6_1_D,0.76,100.0
6SZU_1_V-M,0.52,55.56
6SZV_1_R-M,0.48,12.5
6T4Q_1_6,0.68,100.0
6T4Q_1_7,0.5,100.0
6TB3_1_n,0.31,100.0
6TFF_1_A,0.67,100.0
6TH6_1_BA,0.59,100.0
6TPQ_1_V,0.53,100.0
6TW1_1_V-M,0.58,55.56
6TY9_1_T-N,0.0,4.17
6U8D_1_A,0.6,100.0
6UFG_1_A,0.55,100.0
6UFG_1_B,0.72,100.0
6UFJ_1_C,0.55,77.78
6UFM_1_A,0.74,100.0
6UFM_1_B,0.55,100.0
6UGG_1_B,0.69,100.0
6UGI_1_A,0.86,77.78
6V9B_1_B-D,0.83,100.0
6VQV_1_L,0.0,2.78
6W5C_1_B,0.29,2.78
6WBR_1_B,0.11,33.33
6WOO_1_3,0.63,100.0
6X5M_1_r,0.88,58.33
6XA1_1_Bv,0.32,77.78
6XH2_1_D,1.0,77.78
6XJQ_1_A,0.64,100.0
6XN3_1_R-T,0.1,9.72
6XN5_1_R,0.0,2.78
6XRQ_1_A,0.95,100.0
6XRQ_1_B,0.91,100.0
6XU8_1_A5-A8,0.5,100.0
6XU8_1_A7,0.53,100.0
6XU8_1_B2,0.45,100.0
6YAL_1_1,0.42,100.0
6YDP_1_AA,0.52,100.0
6YDP_1_AV,0.54,100.0
6YDP_1_BA,0.57,100.0
6YDP_1_BB,0.61,100.0
6YL5_1_I,0.48,45.83
6YMC_1_A,0.57,9.72
6YML_1_A,0.45,45.83
6YS3_1_v,0.24,100.0
6YW5_1_aa,0.57,100.0
6YWE_1_bb,0.46,100.0
6YWS_1_A,0.59,100.0
6YYM_1_B,0.78,41.67
6ZDP_1_B,0.3,50.0
6ZDU_1_C,0.42,51.39
6ZM6_1_w,0.41,100.0
6ZM6_1_x,0.35,100.0
6ZMI_1_CC,0.59,100.0
6ZU5_1_L50,0.57,100.0
6ZU5_1_L70,0.61,100.0
6ZU5_1_S60,0.58,100.0
7A0S_1_X,0.53,100.0
7A0S_1_Y,0.39,100.0
7A9W_1_B,0.87,41.67
7A9X_1_B,0.0,2.78
7AQC_1_T,0.59,100.0
7AS8_1_2,0.64,100.0
7B5K_1_x,0.56,100.0
7B5K_1_z,0.39,100.0
7B9V_1_2-6,0.59,100.0
7BV2_1_T-P,0.8,8.33
7C79_1_A,0.37,100.0
7C7L_1_C,0.51,77.78
7CPU_1_L5-L8,0.58,100.0
7CPU_1_L7,0.61,100.0
7CPU_1_S2,0.57,100.0
7CPU_1_S6,0.3,69.44
7CYQ_1_J-I,0.0,1.39
7D3J_1_B,0.75,16.67
7D7V_1_A,0.7,100.0
7D7W_1_A,0.77,100.0
7D81_1_A,0.47,44.44
7D8O_1_B,0.67,100.0
7DCO_1_B,0.48,100.0
7DCO_1_H-F,0.46,61.11
7DTE_1_F-G,0.0,2.78
7DVQ_1_F-H,0.63,77.78
7E8O_1_X,0.63,100.0
7EAG_1_C-D-E-F-A-B,0.68,52.78
7ECP_1_A-B,0.88,27.78
7ED5_1_J-I,0.45,2.78
7EDT_1_A-B,0.88,45.83
7EL1_1_B,0.47,77.78
7ELQ_1_A,0.55,77.78
7ENI_1_B,0.43,58.33
7EOG_1_A,0.56,100.0
7EU9_1_B,0.68,16.67
7EVO_1_H,0.39,100.0
7JIL_1_1,0.58,100.0
7JIL_1_2,0.51,100.0
7JIL_1_3,0.55,100.0
7JJU_1_A-B,0.61,100.0
7JNH_1_B,0.61,100.0
7JRR_1_A,0.75,48.61
7K16_1_P,0.41,65.28
7K98_1_C,0.67,100.0
7KFN_1_B-C,0.83,65.28
7KGA_1_A,0.59,52.78
7KGA_1_B,0.57,25.0
7KGB_1_B,0.54,100.0
7KGB_1_a,0.46,100.0
7KKV_1_B,0.34,61.11
7KVU_1_G,0.64,100.0
7L0Z_1_G,0.72,100.0
7LJ3_1_A,0.34,100.0
7LO9_1_A-B,0.88,37.5
7LYS_1_B,0.78,100.0
7M50_1_e-P,0.0,5.56
7M50_1_h-S,0.0,4.17
7M50_1_i-T,1.0,8.33
7M50_1_n-Y,0.0,8.33
7MJV_1_E,0.9,4.17
7MJW_1_G,1.0,100.0
7MKT_1_A,0.77,100.0
7MKY_1_A,0.53,61.11
7MLW_1_F,0.6,100.0
7MLX_1_R,0.65,100.0
7MQA_1_L0,0.74,77.78
7MQA_1_L2,0.61,100.0
7N2V_1_Dt,0.66,100.0
7N2V_1_Pt,0.35,100.0
7NHN_1_a,0.46,100.0
7O7Y_1_AT,0.63,100.0
7O7Y_1_B5-B8,0.58,100.0
7O7Y_1_B7,0.61,100.0
7O7Z_1_AH,0.24,25.0
7O80_1_AT,0.5,100.0
7OAX_1_A,0.76,100.0
7ODF_1_F,0.72,100.0
7OEA_1_E,0.0,2.78
7OIF_1_z,0.35,100.0
7OJN_1_E,1.0,2.78
7OL0_1_P,1.0,2.78
7OLC_1_3,0.48,100.0
7ONU_1_T,0.55,100.0
7ORN_1_H-T,0.56,12.5
7OS0_1_D,0.14,13.89
7OSM_1_ASIT,0.3,90.28
7OT5_1_z,0.38,77.78
7OYB_1_22,0.5,100.0
7OYB_1_51-81,0.54,100.0
7OYB_1_71,0.6,100.0
7OYC_1_22,0.57,100.0
7OYC_1_51-81,0.53,100.0
7OYC_1_71,0.56,100.0
7OZQ_1_H,0.46,69.44
7P0V_1_B,0.8,100.0
7P3K_1_V,0.65,100.0
7P48_1_5,0.65,100.0
7P7Q_1_A,0.6,100.0
7P7Q_1_B,0.5,100.0
7P7Q_1_D,0.64,100.0
7P7Q_1_a,0.47,100.0
7P7T_1_C,0.79,100.0
7PKT_1_0,0.67,100.0
7PKT_1_1,0.68,100.0
7PKT_1_3-4-5-2,0.57,83.33
7PKT_1_7-6,0.54,100.0
7PKT_1_8,0.4,100.0
7PLI_1_C,0.0,2.78
7PMM_1_D,0.0,8.33
7PWG_1_1-4,0.56,100.0
7PWG_1_w,0.67,16.67
7PWO_1_2,0.54,100.0
7PWO_1_3,0.5,100.0
7PWO_1_w2,0.83,65.28
7PZY_1_1-4,0.59,100.0
7PZY_1_10,0.33,8.33
7PZY_1_3,0.6,100.0
7Q4K_1_D2,0.49,100.0
7Q80_1_B-C-A,0.65,83.33
7Q82_1_C-B-A,0.61,29.17
7QCA_1_L50,0.61,100.0
7QCA_1_L70,0.58,100.0
7QCA_1_S60,0.6,100.0
7QEP_1_1,0.61,100.0
7QEP_1_2,0.55,100.0
7QEP_1_3,0.59,100.0
7QGG_1_E,0.51,100.0
7QGG_1_S2,0.55,100.0
7QGG_1_t-D,0.52,100.0
7QGG_1_u,0.54,100.0
7QGG_1_v,0.41,100.0
7QH7_1_B,0.34,100.0
7QI4_1_A,0.58,100.0
7QI4_1_AA,0.55,100.0
7QI4_1_Aw,0.84,77.78
7QI4_1_Ax,0.45,100.0
7QI4_1_B,0.6,100.0
7QIW_1_2-8,0.59,100.0
7QIW_1_5,0.55,100.0
7QIY_1_2,0.58,100.0
7QIZ_1_S2,0.6,100.0
7QIZ_1_aA-bA,0.64,41.67
7QQP_1_A,0.65,77.78
7QQX_1_A,0.31,30.56
7QR0_1_A,0.35,23.61
7QR3_1_C,0.35,77.78
7QR4_1_B,0.36,77.78
7QR8_1_A,0.45,30.56
7QVP_1_B4,0.6,100.0
7R6Q_1_1-2,0.59,100.0
7R6Q_1_6,0.56,100.0
7R81_1_A1-C1,0.58,100.0
7R81_1_A2,0.59,100.0
7R81_1_B1,0.56,100.0
7R81_1_t1,0.62,100.0
7R97_1_C,0.57,77.78
7REX_1_A,0.7,100.0
7RQB_1_1A,0.59,100.0
7RQB_1_1B,0.54,100.0
7S36_1_R,0.54,77.78
7SBA_1_Z,0.0,2.78
7SFR_1_A,0.58,100.0
7SFR_1_B,0.46,100.0
7SFR_1_a,0.52,100.0
7ST2_1_5,0.65,100.0
7SZU_1_R,0.49,100.0
7TTW_1_2,0.36,100.0
7TZS_1_X,0.64,100.0
7U2I_1_1w,0.55,100.0
7UCK_1_2,0.45,100.0
7UIN_1_B,0.62,100.0
7UND_1_P,0.33,8.33
7UNW_1_A,0.61,100.0
7UNW_1_B,0.51,100.0
7UNW_1_a,0.57,100.0
7UOB_1_T-P,0.0,2.78
7UQ6_1_B,0.71,100.0
7UQB_1_6,0.28,27.78
7UR5_1_v,0.52,29.17
7UTN_1_C,0.47,100.0
7UVZ_1_A,0.62,100.0
7UVZ_1_v,0.55,100.0
7UW1_1_B,0.52,100.0
7UW1_1_a,0.61,100.0
7UY6_1_B,0.24,77.78
7V94_1_B,0.63,100.0
7VNV_1_A,0.64,100.0
7VTI_1_B,0.24,41.67
7VTN_1_B,0.23,27.78
7WAY_1_D,0.55,100.0
7WIE_1_V,0.64,100.0
7WJU_1_C,0.54,100.0
7XHT_1_B,0.5,100.0
7XJG_1_H,0.0,13.89
7XPL_1_G-H-I-J,0.87,100.0
7XSP_1_D-A,0.0,25.0
7Y81_1_B-C,0.14,55.56
7Y9X_1_R,0.17,8.33
7YED_1_T-N-M,0.12,16.67
7YGA_1_N,0.59,100.0
7YSE_1_E,0.67,100.0
7Z42_1_V,0.73,68.06
7ZHG_1_2,0.6,100.0
7ZJW_1_I,0.17,100.0
7ZJW_1_S,0.2,77.78
7ZO1_1_A,0.4,77.78
7ZP8_1_v,0.59,100.0
7ZTA_1_ATR1,0.58,100.0
7ZTA_1_ETR1,0.55,100.0
7ZUX_1_7,0.53,100.0
7ZW0_1_sl,0.6,100.0
7ZW0_1_sn,0.66,100.0
8A22_1_A1,0.65,100.0
8A22_1_A3-A2,0.69,100.0
8A22_1_A5-A4,0.5,100.0
8A22_1_A7-A6,0.55,100.0
8A22_1_A8,0.54,100.0
8A22_1_A9,0.37,68.06
8A22_1_B3-B2-B1,0.55,100.0
8A22_1_B4,0.56,100.0
8A57_1_A,0.59,100.0
8A57_1_B,0.48,100.0
8AF0_1_C-D,0.42,38.89
8AKN_1_Z,0.22,58.33
8AM9_1_8,0.56,100.0
8AS7_1_P-T-G,0.57,63.89
8ASD_1_T-G,0.43,29.17
8B6Z_1_B,0.33,8.33
8BE0_1_V,0.76,58.33
8BF8_1_B,0.5,80.56
8BUU_1_A,0.6,100.0
8BUU_1_a,0.57,100.0
8CRX_1_A,0.57,100.0
8CVM_1_a,0.56,100.0
8CVM_1_b,0.55,100.0
8CVO_1_A,0.54,100.0
8D1V_1_J-N,0.06,25.0
8D28_1_B,0.67,100.0
8D29_1_C,0.69,100.0
8D29_1_F,0.75,100.0
8D29_1_J,0.67,100.0
8D4A_1_B,0.71,100.0
8D8L_1_a,0.57,100.0
8DC2_1_B,0.34,58.33
8DEX_1_L,0.0,2.78
8DFA_1_L,0.0,2.78
8DK7_1_C,0.64,100.0
8DP3_1_R,0.74,100.0
8E0F_1_D-C,0.64,100.0
8E3I_1_E,1.0,58.33
8E4X_1_C-D,0.75,77.78
8E8M_1_R,0.71,2.78
8EA4_1_7,0.51,100.0
8ESQ_1_6,0.39,100.0
8EUG_1_1-2,0.57,100.0
8EUG_1_9,0.55,100.0
8EUY_1_6,0.59,100.0
8G60_1_At,0.47,100.0
8G9Z_1_E,0.63,23.61
8GLP_1_L5-L8,0.6,100.0
8GLP_1_L7,0.62,100.0
8GLP_1_Pt,0.71,100.0
8GNA_1_C-J,0.18,34.72
8GS2_1_R-D,0.14,13.89
8GWE_1_J-I,0.0,2.78
8GXB_1_A,0.61,100.0
8GXB_1_B,0.64,100.0
8H1B_1_C,0.33,8.33
8HBA_1_B,0.6,100.0
8HHL_1_B,0.58,77.78
8HMY_1_T,0.52,100.0
8HMZ_1_5-3,0.55,100.0
8I3Z_1_B-A,0.53,100.0
